LOG_NO,by_year_complaint_date,ASSIGNMENT,CURRENT_STATUS,CURRENT_CATEGORY
2,01/01/2023 12:00:00 AM,COPA,Quality Management Review,In Process-Allegation Pending
3,01/01/2022 12:00:00 AM,COPA,Waiting on Evidence,In Process-Allegation Pending
80,01/01/2022 12:00:00 AM,COPA,Concurrence,Closed-No Allegation
1,01/01/2020 12:00:00 AM,COPA,Accused is not a CPD member,Closed-No Allegation
1,01/01/2019 12:00:00 AM,COPA,Closed,Denial of Counsel
2300,01/01/2020 12:00:00 AM,BIA,,
18,01/01/2023 12:00:00 AM,COPA,Close Hold,Closed-No Allegation
5,01/01/2023 12:00:00 AM,COPA,Mediated,Closed-No Allegation
43,01/01/2019 12:00:00 AM,COPA,Pending Civil Suit,Closed-No Allegation
4,01/01/2022 12:00:00 AM,COPA,Within Policy,Closed-No Allegation
2,01/01/2021 12:00:00 AM,COPA,Referred,Closed-No Allegation
5,01/01/2022 12:00:00 AM,COPA,Closed No Allegations - Incident Over Five Years Ago,Closed-No Allegation
78,01/01/2019 12:00:00 AM,COPA,Closed No Allegations - Insufficient Object Evidence,Closed-No Allegation
21,01/01/2023 12:00:00 AM,COPA,Director of Investigations Review,In Process-Allegation Pending
78,01/01/2022 12:00:00 AM,COPA,Closed Final,Closed-No Allegation
37,01/01/2023 12:00:00 AM,COPA,Drafting Allegations,In Process-Allegation Pending
4,01/01/2022 12:00:00 AM,COPA,Investigator Assigned,In Process-Allegation Pending
2,01/01/2021 12:00:00 AM,COPA,Closed - No CPD Member,Closed-No Allegation
22,01/01/2023 12:00:00 AM,COPA,Closed No Allegations - Incident Over Five Years Ago,Closed-No Allegation
356,01/01/2020 12:00:00 AM,COPA,Administratively Closed,Closed-No Allegation
304,01/01/2020 12:00:00 AM,COPA,Closed Final,Closed-No Allegation
3,01/01/2022 12:00:00 AM,COPA,Referred,Closed-No Allegation
3455,01/01/2023 12:00:00 AM,BIA,,
2331,01/01/2019 12:00:00 AM,BIA,,
44,01/01/2020 12:00:00 AM,COPA,Referred,Closed-No Allegation
105,01/01/2020 12:00:00 AM,COPA,Closed No Allegations - Insufficient Object Evidence,Closed-No Allegation
22,01/01/2019 12:00:00 AM,COPA,Closed,Operational Violation
3,01/01/2019 12:00:00 AM,COPA,Closed,Miscellaneous
3,01/01/2019 12:00:00 AM,COPA,Pending CPD Review,Miscellaneous
5,01/01/2020 12:00:00 AM,COPA,Legal Review,In Process-Allegation Pending
6,01/01/2023 12:00:00 AM,COPA,Legal Review,In Process-Allegation Pending
35,01/01/2023 12:00:00 AM,COPA,Closed - No CPD Member,Closed-No Allegation
60,01/01/2019 12:00:00 AM,COPA,Administrative Termination,Closed-No Allegation
69,01/01/2019 12:00:00 AM,COPA,Closed,Civil Suits
6,01/01/2019 12:00:00 AM,COPA,Closed,Domestic Violence
14,01/01/2022 12:00:00 AM,COPA,Non-Concurrence Pending,Closed-No Allegation
3,01/01/2019 12:00:00 AM,COPA,Pending CPD Review,Domestic Violence
870,01/01/2019 12:00:00 AM,COPA,No Affidavit/No Conversion,Closed-No Allegation
1,01/01/2019 12:00:00 AM,COPA,Closed,OC Discharge-Injury or Death
69,01/01/2021 12:00:00 AM,COPA,Close Hold,Closed-No Allegation
2,01/01/2022 12:00:00 AM,COPA,Closed - No CPD Member,Closed-No Allegation
5,01/01/2020 12:00:00 AM,COPA,Within Policy,Closed-No Allegation
2907,01/01/2022 12:00:00 AM,BIA,,
2521,01/01/2021 12:00:00 AM,BIA,,
12,01/01/2020 12:00:00 AM,COPA,Non-Concurrence Pending,Closed-No Allegation
4,01/01/2022 12:00:00 AM,COPA,Deputy Chief Review,In Process-Allegation Pending
2,01/01/2019 12:00:00 AM,COPA,Closed,Motor Vehicle Incident-Fatal
55,01/01/2019 12:00:00 AM,COPA,Referred,Closed-No Allegation
47,01/01/2023 12:00:00 AM,COPA,Concurrence,Closed-No Allegation
2,01/01/2019 12:00:00 AM,COPA,Closed,Firearm Discharge-Officer Suicide
83,01/01/2020 12:00:00 AM,COPA,Pending Civil Suit,Closed-No Allegation
1,01/01/2019 12:00:00 AM,COPA,Closed,Closed-No Allegation
275,01/01/2022 12:00:00 AM,COPA,Closed No Allegations - Insufficient Object Evidence,Closed-No Allegation
1,01/01/2022 12:00:00 AM,COPA,Drafting FSR/non-FSR,In Process-Allegation Pending
26,01/01/2019 12:00:00 AM,COPA,Non-Concurrence Pending,Closed-No Allegation
4,01/01/2022 12:00:00 AM,COPA,Legal Review,In Process-Allegation Pending
114,01/01/2019 12:00:00 AM,COPA,Closed,Improper Search or Seizure
22,01/01/2019 12:00:00 AM,COPA,Pending CPD Review,Operational Violation
12,01/01/2019 12:00:00 AM,COPA,Pending CPD Review,Excessive Force
11,01/01/2023 12:00:00 AM,COPA,Non-Concurrence Pending,Closed-No Allegation
68,01/01/2019 12:00:00 AM,COPA,No Affidavit,Closed-No Allegation
49,01/01/2023 12:00:00 AM,COPA,Drafting FSR/non-FSR,In Process-Allegation Pending
1,01/01/2020 12:00:00 AM,COPA,NULL,In Process-Allegation Pending
11,01/01/2019 12:00:00 AM,COPA,Closed,Incident in Custody
65,01/01/2019 12:00:00 AM,COPA,Pending Superintendent Review,Closed-No Allegation
3,01/01/2019 12:00:00 AM,COPA,Closed - No CPD Member,Closed-No Allegation
1,01/01/2020 12:00:00 AM,COPA,Drafting FSR/non-FSR,In Process-Allegation Pending
3,01/01/2019 12:00:00 AM,COPA,Pending CPD Review,Verbal Abuse
1,01/01/2019 12:00:00 AM,COPA,Drafting FSR/non-FSR,In Process-Allegation Pending
142,01/01/2021 12:00:00 AM,COPA,Closed Final,Closed-No Allegation
4,01/01/2022 12:00:00 AM,COPA,Non-Concurrence Pending,In Process-Allegation Pending
2,01/01/2022 12:00:00 AM,COPA,Complainant Unknown,Closed-No Allegation
1,01/01/2022 12:00:00 AM,COPA,Interviewing Accused Members,In Process-Allegation Pending
5,01/01/2020 12:00:00 AM,COPA,Closed - No CPD Member,Closed-No Allegation
3,01/01/2021 12:00:00 AM,COPA,Supervising Investigator Review,In Process-Allegation Pending
92,01/01/2021 12:00:00 AM,COPA,Pending Superintendent Review,Closed-No Allegation
2,01/01/2019 12:00:00 AM,COPA,Closed,Unnecessary Display of Weapon
1,01/01/2021 12:00:00 AM,COPA,Closed - Duplicate,Closed-No Allegation
592,01/01/2020 12:00:00 AM,COPA,No Affidavit/No Conversion,Closed-No Allegation
6,01/01/2022 12:00:00 AM,COPA,Closed - Duplicate,Closed-No Allegation
4,01/01/2023 12:00:00 AM,COPA,Non-Disciplinary Closure,Closed-No Allegation
25,01/01/2021 12:00:00 AM,COPA,Non-Concurrence Pending,Closed-No Allegation
27,01/01/2019 12:00:00 AM,COPA,Pending CPD Review,Improper Search or Seizure
8,01/01/2022 12:00:00 AM,COPA,Supervising Investigator Review,In Process-Allegation Pending
1,01/01/2019 12:00:00 AM,COPA,Complainant Unknown,Closed-No Allegation
10,01/01/2023 12:00:00 AM,COPA,Referred,Closed-No Allegation
109,01/01/2022 12:00:00 AM,COPA,Pending Civil Suit,Closed-No Allegation
27,01/01/2022 12:00:00 AM,COPA,Close Hold,Closed-No Allegation
94,01/01/2020 12:00:00 AM,COPA,Concurrence,Closed-No Allegation
1,01/01/2021 12:00:00 AM,COPA,Administrative Termination,Closed-No Allegation
4,01/01/2019 12:00:00 AM,COPA,Closed,Firearm Discharge at Animal
3,01/01/2022 12:00:00 AM,COPA,Mediated,Closed-No Allegation
9,01/01/2021 12:00:00 AM,COPA,Deputy Chief Review,In Process-Allegation Pending
357,01/01/2021 12:00:00 AM,COPA,Non-Disciplinary Closure,Closed-No Allegation
64,01/01/2021 12:00:00 AM,COPA,Concurrence,Closed-No Allegation
330,01/01/2022 12:00:00 AM,COPA,Administratively Closed,Closed-No Allegation
161,01/01/2023 12:00:00 AM,COPA,Pending Superintendent Review,Closed-No Allegation
67,01/01/2019 12:00:00 AM,COPA,Concurrence,Closed-No Allegation
1,01/01/2019 12:00:00 AM,COPA,Pending DOL Review,Sexual Misconduct
4,01/01/2019 12:00:00 AM,COPA,Pending CPD Review,Firearm Discharge-Accidental
92,01/01/2020 12:00:00 AM,COPA,Pending Superintendent Review,Closed-No Allegation
25,01/01/2023 12:00:00 AM,COPA,Closed Final,Closed-No Allegation
68,01/01/2023 12:00:00 AM,COPA,Closed - Duplicate,Closed-No Allegation
6,01/01/2021 12:00:00 AM,COPA,NULL,Closed-No Allegation
2,01/01/2019 12:00:00 AM,COPA,Within Policy,Closed-No Allegation
163,01/01/2021 12:00:00 AM,COPA,Pending Civil Suit,Closed-No Allegation
34,01/01/2019 12:00:00 AM,COPA,Closed,Excessive Force
88,01/01/2019 12:00:00 AM,COPA,Close Hold,Closed-No Allegation
1,01/01/2023 12:00:00 AM,COPA,Pending Investigator Assignment,In Process-Allegation Pending
1,01/01/2023 12:00:00 AM,COPA,Mediation Attempted - Withdrawal by Complainant,Closed-No Allegation
68,01/01/2020 12:00:00 AM,COPA,Close Hold,Closed-No Allegation
320,01/01/2019 12:00:00 AM,COPA,Non-Disciplinary Closure,Closed-No Allegation
3,01/01/2023 12:00:00 AM,COPA,NULL,In Process-Allegation Pending
2,01/01/2021 12:00:00 AM,COPA,Within Policy,Closed-No Allegation
8,01/01/2019 12:00:00 AM,COPA,Closed,Verbal Abuse
68,01/01/2019 12:00:00 AM,COPA,NULL,Closed-No Allegation
1,01/01/2023 12:00:00 AM,COPA,Mediation Attempted - Terminated by Mediator,Closed-No Allegation
81,01/01/2023 12:00:00 AM,COPA,Supervising Investigator Review,In Process-Allegation Pending
4,01/01/2019 12:00:00 AM,COPA,Pending CPD Review,Failure to Provide Proper Care in Custody
67,01/01/2020 12:00:00 AM,COPA,NULL,Closed-No Allegation
1,01/01/2019 12:00:00 AM,COPA,Closed,Taser Discharge-Injury or Death
16,01/01/2023 12:00:00 AM,COPA,Deputy Chief Review,In Process-Allegation Pending
4,01/01/2021 12:00:00 AM,COPA,Interviewing Accused Members,In Process-Allegation Pending
17,01/01/2023 12:00:00 AM,COPA,Investigator Assigned,In Process-Allegation Pending
299,01/01/2022 12:00:00 AM,COPA,Non-Disciplinary Closure,Closed-No Allegation
1,01/01/2022 12:00:00 AM,COPA,Interviewing Witnesses,In Process-Allegation Pending
398,01/01/2023 12:00:00 AM,COPA,Closed No Allegations - Insufficient Object Evidence,Closed-No Allegation
19,01/01/2023 12:00:00 AM,COPA,Waiting on Evidence,In Process-Allegation Pending
23,01/01/2020 12:00:00 AM,COPA,Supervising Investigator Review,In Process-Allegation Pending
1,01/01/2021 12:00:00 AM,COPA,Closed Penalty Served,Closed-No Allegation
1,01/01/2022 12:00:00 AM,COPA,Closed Penalty Served,Closed-No Allegation
373,01/01/2021 12:00:00 AM,COPA,Administratively Closed,Closed-No Allegation
60,01/01/2023 12:00:00 AM,COPA,Pending Civil Suit,Closed-No Allegation
71,01/01/2021 12:00:00 AM,COPA,Closed No Allegations - Insufficient Object Evidence,Closed-No Allegation
1,01/01/2023 12:00:00 AM,COPA,Within Policy,Closed-No Allegation
33,01/01/2021 12:00:00 AM,COPA,No Affidavit,Closed-No Allegation
7,01/01/2019 12:00:00 AM,COPA,Closed,Coercion
339,01/01/2019 12:00:00 AM,COPA,Administratively Closed,Closed-No Allegation
47,01/01/2020 12:00:00 AM,COPA,Administrative Termination,Closed-No Allegation
23,01/01/2023 12:00:00 AM,COPA,Interviewing Witnesses,In Process-Allegation Pending
19,01/01/2023 12:00:00 AM,COPA,Requesting Evidence,In Process-Allegation Pending
571,01/01/2019 12:00:00 AM,COPA,Closed Final,Closed-No Allegation
171,01/01/2022 12:00:00 AM,COPA,Pending Superintendent Review,Closed-No Allegation
4,01/01/2019 12:00:00 AM,COPA,Closed Penalty Served,Closed-No Allegation
5,01/01/2020 12:00:00 AM,COPA,Complainant Unknown,Closed-No Allegation
2,01/01/2023 12:00:00 AM,COPA,Referred to BIA,In Process-Allegation Pending
41,01/01/2021 12:00:00 AM,COPA,No Affidavit/No Conversion,Closed-No Allegation
6,01/01/2019 12:00:00 AM,COPA,Closed,Miscellaneous Notification
1,01/01/2022 12:00:00 AM,COPA,Director of Investigations Review,In Process-Allegation Pending
560,01/01/2020 12:00:00 AM,COPA,Non-Disciplinary Closure,Closed-No Allegation
222,01/01/2020 12:00:00 AM,COPA,No Affidavit,Closed-No Allegation
53,01/01/2023 12:00:00 AM,COPA,Interviewing Accused Members,In Process-Allegation Pending
