CRASH_RECORD_ID,by_year_crash_date,TRAFFIC_CONTROL_DEVICE,DEVICE_CONDITION,ROAD_DEFECT
1,01/01/2021 12:00:00 AM,DELINEATORS,FUNCTIONING IMPROPERLY,NO DEFECTS
1,01/01/2021 12:00:00 AM,NO PASSING,UNKNOWN,UNKNOWN
1,01/01/2023 12:00:00 AM,UNKNOWN,UNKNOWN,SHOULDER DEFECT
1,01/01/2019 12:00:00 AM,YIELD,OTHER,OTHER
1,01/01/2022 12:00:00 AM,FLASHING CONTROL SIGNAL,WORN REFLECTIVE MATERIAL,OTHER
514,01/01/2019 12:00:00 AM,NO CONTROLS,UNKNOWN,NO DEFECTS
4,01/01/2023 12:00:00 AM,OTHER WARNING SIGN,UNKNOWN,NO DEFECTS
7,01/01/2019 12:00:00 AM,TRAFFIC SIGNAL,UNKNOWN,OTHER
1,01/01/2022 12:00:00 AM,BICYCLE CROSSING SIGN,NO CONTROLS,UNKNOWN
17,01/01/2022 12:00:00 AM,OTHER,OTHER,OTHER
3,01/01/2020 12:00:00 AM,SCHOOL ZONE,FUNCTIONING PROPERLY,NO DEFECTS
45,01/01/2019 12:00:00 AM,STOP SIGN/FLASHER,FUNCTIONING PROPERLY,OTHER
51,01/01/2022 12:00:00 AM,PEDESTRIAN CROSSING SIGN,FUNCTIONING PROPERLY,NO DEFECTS
3,01/01/2023 12:00:00 AM,TRAFFIC SIGNAL,WORN REFLECTIVE MATERIAL,UNKNOWN
1,01/01/2020 12:00:00 AM,PEDESTRIAN CROSSING SIGN,FUNCTIONING PROPERLY,OTHER
20514,01/01/2020 12:00:00 AM,TRAFFIC SIGNAL,FUNCTIONING PROPERLY,NO DEFECTS
1,01/01/2022 12:00:00 AM,RAILROAD CROSSING GATE,OTHER,UNKNOWN
1,01/01/2020 12:00:00 AM,SCHOOL ZONE,OTHER,OTHER
1,01/01/2020 12:00:00 AM,NO CONTROLS,NOT FUNCTIONING,OTHER
1,01/01/2019 12:00:00 AM,STOP SIGN/FLASHER,NOT FUNCTIONING,UNKNOWN
5,01/01/2021 12:00:00 AM,STOP SIGN/FLASHER,MISSING,NO DEFECTS
1,01/01/2022 12:00:00 AM,UNKNOWN,NOT FUNCTIONING,UNKNOWN
5,01/01/2019 12:00:00 AM,FLASHING CONTROL SIGNAL,FUNCTIONING PROPERLY,UNKNOWN
1,01/01/2021 12:00:00 AM,RR CROSSING SIGN,FUNCTIONING IMPROPERLY,NO DEFECTS
4,01/01/2021 12:00:00 AM,OTHER RAILROAD CROSSING,NO CONTROLS,UNKNOWN
126,01/01/2020 12:00:00 AM,NO CONTROLS,NOT FUNCTIONING,NO DEFECTS
6,01/01/2023 12:00:00 AM,PEDESTRIAN CROSSING SIGN,NO CONTROLS,UNKNOWN
1,01/01/2019 12:00:00 AM,STOP SIGN/FLASHER,NO CONTROLS,SHOULDER DEFECT
3,01/01/2020 12:00:00 AM,OTHER,FUNCTIONING PROPERLY,OTHER
1,01/01/2022 12:00:00 AM,TRAFFIC SIGNAL,OTHER,WORN SURFACE
1,01/01/2023 12:00:00 AM,PEDESTRIAN CROSSING SIGN,WORN REFLECTIVE MATERIAL,UNKNOWN
1,01/01/2023 12:00:00 AM,TRAFFIC SIGNAL,NOT FUNCTIONING,SHOULDER DEFECT
1,01/01/2021 12:00:00 AM,OTHER,OTHER,"RUT, HOLES"
19,01/01/2021 12:00:00 AM,NO CONTROLS,OTHER,UNKNOWN
26,01/01/2022 12:00:00 AM,UNKNOWN,UNKNOWN,OTHER
1,01/01/2020 12:00:00 AM,OTHER RAILROAD CROSSING,OTHER,NO DEFECTS
40,01/01/2019 12:00:00 AM,TRAFFIC SIGNAL,FUNCTIONING PROPERLY,SHOULDER DEFECT
2,01/01/2019 12:00:00 AM,OTHER RAILROAD CROSSING,FUNCTIONING PROPERLY,UNKNOWN
129,01/01/2023 12:00:00 AM,UNKNOWN,NO CONTROLS,NO DEFECTS
2,01/01/2022 12:00:00 AM,NO CONTROLS,FUNCTIONING PROPERLY,SHOULDER DEFECT
2,01/01/2019 12:00:00 AM,OTHER,FUNCTIONING IMPROPERLY,UNKNOWN
1,01/01/2021 12:00:00 AM,TRAFFIC SIGNAL,UNKNOWN,"RUT, HOLES"
1,01/01/2019 12:00:00 AM,TRAFFIC SIGNAL,UNKNOWN,DEBRIS ON ROADWAY
10,01/01/2019 12:00:00 AM,SCHOOL ZONE,FUNCTIONING PROPERLY,NO DEFECTS
1,01/01/2021 12:00:00 AM,PEDESTRIAN CROSSING SIGN,OTHER,UNKNOWN
42,01/01/2023 12:00:00 AM,RR CROSSING SIGN,UNKNOWN,UNKNOWN
2,01/01/2023 12:00:00 AM,OTHER REG. SIGN,UNKNOWN,UNKNOWN
1,01/01/2019 12:00:00 AM,UNKNOWN,FUNCTIONING PROPERLY,WORN SURFACE
4,01/01/2020 12:00:00 AM,OTHER,NO CONTROLS,OTHER
1081,01/01/2019 12:00:00 AM,NO CONTROLS,NO CONTROLS,"RUT, HOLES"
1,01/01/2019 12:00:00 AM,OTHER WARNING SIGN,NO CONTROLS,WORN SURFACE
1,01/01/2022 12:00:00 AM,RR CROSSING SIGN,NO CONTROLS,OTHER
4,01/01/2019 12:00:00 AM,LANE USE MARKING,WORN REFLECTIVE MATERIAL,WORN SURFACE
4,01/01/2022 12:00:00 AM,NO CONTROLS,UNKNOWN,OTHER
1,01/01/2019 12:00:00 AM,YIELD,FUNCTIONING PROPERLY,OTHER
2,01/01/2019 12:00:00 AM,NO CONTROLS,OTHER,SHOULDER DEFECT
3,01/01/2020 12:00:00 AM,POLICE/FLAGMAN,OTHER,NO DEFECTS
309,01/01/2019 12:00:00 AM,TRAFFIC SIGNAL,FUNCTIONING IMPROPERLY,NO DEFECTS
182,01/01/2023 12:00:00 AM,OTHER,OTHER,NO DEFECTS
291,01/01/2022 12:00:00 AM,NO CONTROLS,NO CONTROLS,WORN SURFACE
2,01/01/2021 12:00:00 AM,STOP SIGN/FLASHER,NO CONTROLS,"RUT, HOLES"
1,01/01/2021 12:00:00 AM,OTHER,NO CONTROLS,WORN SURFACE
1,01/01/2022 12:00:00 AM,SCHOOL ZONE,NO CONTROLS,OTHER
1,01/01/2022 12:00:00 AM,PEDESTRIAN CROSSING SIGN,UNKNOWN,OTHER
81,01/01/2022 12:00:00 AM,TRAFFIC SIGNAL,FUNCTIONING PROPERLY,"RUT, HOLES"
27,01/01/2021 12:00:00 AM,OTHER,UNKNOWN,UNKNOWN
2,01/01/2021 12:00:00 AM,SCHOOL ZONE,FUNCTIONING PROPERLY,UNKNOWN
3,01/01/2022 12:00:00 AM,OTHER WARNING SIGN,NO CONTROLS,NO DEFECTS
1,01/01/2022 12:00:00 AM,STOP SIGN/FLASHER,NO CONTROLS,SHOULDER DEFECT
10,01/01/2020 12:00:00 AM,YIELD,FUNCTIONING PROPERLY,UNKNOWN
5,01/01/2021 12:00:00 AM,NO CONTROLS,OTHER,OTHER
1,01/01/2021 12:00:00 AM,UNKNOWN,FUNCTIONING IMPROPERLY,NO DEFECTS
1,01/01/2023 12:00:00 AM,NO CONTROLS,FUNCTIONING PROPERLY,SHOULDER DEFECT
3,01/01/2022 12:00:00 AM,OTHER REG. SIGN,FUNCTIONING IMPROPERLY,NO DEFECTS
1764,01/01/2020 12:00:00 AM,UNKNOWN,UNKNOWN,UNKNOWN
7,01/01/2020 12:00:00 AM,OTHER WARNING SIGN,NO CONTROLS,NO DEFECTS
3,01/01/2021 12:00:00 AM,TRAFFIC SIGNAL,WORN REFLECTIVE MATERIAL,NO DEFECTS
4,01/01/2020 12:00:00 AM,UNKNOWN,UNKNOWN,OTHER
39,01/01/2023 12:00:00 AM,NO CONTROLS,OTHER,UNKNOWN
2,01/01/2020 12:00:00 AM,NO CONTROLS,FUNCTIONING PROPERLY,OTHER
1,01/01/2020 12:00:00 AM,TRAFFIC SIGNAL,UNKNOWN,SHOULDER DEFECT
1040,01/01/2019 12:00:00 AM,TRAFFIC SIGNAL,UNKNOWN,UNKNOWN
13,01/01/2023 12:00:00 AM,SCHOOL ZONE,FUNCTIONING PROPERLY,NO DEFECTS
2,01/01/2019 12:00:00 AM,LANE USE MARKING,FUNCTIONING PROPERLY,"RUT, HOLES"
65,01/01/2021 12:00:00 AM,YIELD,FUNCTIONING PROPERLY,NO DEFECTS
80,01/01/2023 12:00:00 AM,NO CONTROLS,FUNCTIONING PROPERLY,UNKNOWN
7,01/01/2020 12:00:00 AM,RR CROSSING SIGN,FUNCTIONING PROPERLY,NO DEFECTS
2,01/01/2020 12:00:00 AM,OTHER,FUNCTIONING PROPERLY,WORN SURFACE
7,01/01/2020 12:00:00 AM,STOP SIGN/FLASHER,WORN REFLECTIVE MATERIAL,NO DEFECTS
1,01/01/2019 12:00:00 AM,YIELD,FUNCTIONING PROPERLY,DEBRIS ON ROADWAY
1,01/01/2022 12:00:00 AM,RR CROSSING SIGN,UNKNOWN,OTHER
2,01/01/2019 12:00:00 AM,OTHER WARNING SIGN,FUNCTIONING PROPERLY,WORN SURFACE
49,01/01/2020 12:00:00 AM,PEDESTRIAN CROSSING SIGN,FUNCTIONING PROPERLY,NO DEFECTS
1,01/01/2021 12:00:00 AM,OTHER REG. SIGN,UNKNOWN,NO DEFECTS
220,01/01/2023 12:00:00 AM,NO CONTROLS,NO CONTROLS,WORN SURFACE
1,01/01/2019 12:00:00 AM,YIELD,WORN REFLECTIVE MATERIAL,NO DEFECTS
62,01/01/2021 12:00:00 AM,STOP SIGN/FLASHER,OTHER,UNKNOWN
1,01/01/2023 12:00:00 AM,UNKNOWN,NOT FUNCTIONING,UNKNOWN
4,01/01/2019 12:00:00 AM,YIELD,UNKNOWN,UNKNOWN
2,01/01/2019 12:00:00 AM,OTHER REG. SIGN,UNKNOWN,UNKNOWN
8,01/01/2019 12:00:00 AM,OTHER,OTHER,"RUT, HOLES"
39,01/01/2020 12:00:00 AM,YIELD,NO CONTROLS,NO DEFECTS
1,01/01/2023 12:00:00 AM,NO PASSING,UNKNOWN,NO DEFECTS
451,01/01/2020 12:00:00 AM,TRAFFIC SIGNAL,NO CONTROLS,NO DEFECTS
349,01/01/2022 12:00:00 AM,TRAFFIC SIGNAL,UNKNOWN,NO DEFECTS
3,01/01/2019 12:00:00 AM,SCHOOL ZONE,OTHER,NO DEFECTS
8,01/01/2022 12:00:00 AM,TRAFFIC SIGNAL,WORN REFLECTIVE MATERIAL,NO DEFECTS
1133,01/01/2021 12:00:00 AM,STOP SIGN/FLASHER,FUNCTIONING PROPERLY,UNKNOWN
2,01/01/2019 12:00:00 AM,PEDESTRIAN CROSSING SIGN,UNKNOWN,UNKNOWN
4,01/01/2019 12:00:00 AM,TRAFFIC SIGNAL,NO CONTROLS,OTHER
10,01/01/2022 12:00:00 AM,OTHER RAILROAD CROSSING,FUNCTIONING PROPERLY,NO DEFECTS
1,01/01/2023 12:00:00 AM,NO CONTROLS,OTHER,WORN SURFACE
79,01/01/2019 12:00:00 AM,UNKNOWN,NO CONTROLS,UNKNOWN
11,01/01/2023 12:00:00 AM,FLASHING CONTROL SIGNAL,FUNCTIONING PROPERLY,UNKNOWN
1,01/01/2020 12:00:00 AM,TRAFFIC SIGNAL,FUNCTIONING IMPROPERLY,OTHER
26640,01/01/2019 12:00:00 AM,TRAFFIC SIGNAL,FUNCTIONING PROPERLY,NO DEFECTS
1,01/01/2023 12:00:00 AM,FLASHING CONTROL SIGNAL,OTHER,UNKNOWN
55,01/01/2021 12:00:00 AM,OTHER REG. SIGN,OTHER,NO DEFECTS
17,01/01/2022 12:00:00 AM,POLICE/FLAGMAN,FUNCTIONING PROPERLY,NO DEFECTS
1,01/01/2021 12:00:00 AM,TRAFFIC SIGNAL,OTHER,WORN SURFACE
16,01/01/2020 12:00:00 AM,NO CONTROLS,NOT FUNCTIONING,UNKNOWN
5,01/01/2021 12:00:00 AM,STOP SIGN/FLASHER,OTHER,OTHER
1,01/01/2020 12:00:00 AM,DELINEATORS,UNKNOWN,UNKNOWN
4,01/01/2022 12:00:00 AM,NO CONTROLS,FUNCTIONING PROPERLY,"RUT, HOLES"
13,01/01/2019 12:00:00 AM,NO CONTROLS,UNKNOWN,"RUT, HOLES"
5,01/01/2022 12:00:00 AM,NO PASSING,FUNCTIONING PROPERLY,NO DEFECTS
1,01/01/2020 12:00:00 AM,NO CONTROLS,UNKNOWN,WORN SURFACE
5,01/01/2019 12:00:00 AM,NO CONTROLS,UNKNOWN,OTHER
1,01/01/2020 12:00:00 AM,OTHER,FUNCTIONING PROPERLY,DEBRIS ON ROADWAY
833,01/01/2021 12:00:00 AM,UNKNOWN,UNKNOWN,NO DEFECTS
3,01/01/2019 12:00:00 AM,OTHER REG. SIGN,FUNCTIONING IMPROPERLY,NO DEFECTS
149,01/01/2020 12:00:00 AM,STOP SIGN/FLASHER,NO CONTROLS,UNKNOWN
2,01/01/2023 12:00:00 AM,OTHER,FUNCTIONING PROPERLY,WORN SURFACE
1,01/01/2020 12:00:00 AM,POLICE/FLAGMAN,NO CONTROLS,UNKNOWN
1,01/01/2020 12:00:00 AM,UNKNOWN,NO CONTROLS,SHOULDER DEFECT
45,01/01/2023 12:00:00 AM,TRAFFIC SIGNAL,FUNCTIONING IMPROPERLY,UNKNOWN
1,01/01/2022 12:00:00 AM,POLICE/FLAGMAN,FUNCTIONING IMPROPERLY,OTHER
112,01/01/2019 12:00:00 AM,TRAFFIC SIGNAL,FUNCTIONING PROPERLY,OTHER
7,01/01/2019 12:00:00 AM,POLICE/FLAGMAN,NO CONTROLS,NO DEFECTS
21,01/01/2023 12:00:00 AM,PEDESTRIAN CROSSING SIGN,NO CONTROLS,NO DEFECTS
1,01/01/2019 12:00:00 AM,TRAFFIC SIGNAL,UNKNOWN,WORN SURFACE
4,01/01/2023 12:00:00 AM,OTHER,UNKNOWN,OTHER
9,01/01/2019 12:00:00 AM,STOP SIGN/FLASHER,WORN REFLECTIVE MATERIAL,NO DEFECTS
238,01/01/2022 12:00:00 AM,TRAFFIC SIGNAL,FUNCTIONING IMPROPERLY,NO DEFECTS
4,01/01/2022 12:00:00 AM,STOP SIGN/FLASHER,WORN REFLECTIVE MATERIAL,WORN SURFACE
2,01/01/2021 12:00:00 AM,RAILROAD CROSSING GATE,OTHER,NO DEFECTS
231,01/01/2023 12:00:00 AM,TRAFFIC SIGNAL,FUNCTIONING IMPROPERLY,NO DEFECTS
4,01/01/2019 12:00:00 AM,OTHER REG. SIGN,FUNCTIONING PROPERLY,UNKNOWN
3,01/01/2020 12:00:00 AM,TRAFFIC SIGNAL,NO CONTROLS,OTHER
2,01/01/2020 12:00:00 AM,UNKNOWN,FUNCTIONING IMPROPERLY,NO DEFECTS
3,01/01/2021 12:00:00 AM,DELINEATORS,NO CONTROLS,NO DEFECTS
9,01/01/2019 12:00:00 AM,OTHER RAILROAD CROSSING,FUNCTIONING PROPERLY,NO DEFECTS
879,01/01/2020 12:00:00 AM,STOP SIGN/FLASHER,FUNCTIONING PROPERLY,UNKNOWN
2,01/01/2019 12:00:00 AM,SCHOOL ZONE,FUNCTIONING PROPERLY,UNKNOWN
3,01/01/2021 12:00:00 AM,RR CROSSING SIGN,FUNCTIONING PROPERLY,UNKNOWN
64,01/01/2022 12:00:00 AM,STOP SIGN/FLASHER,FUNCTIONING IMPROPERLY,NO DEFECTS
1,01/01/2021 12:00:00 AM,DELINEATORS,FUNCTIONING PROPERLY,OTHER
4,01/01/2022 12:00:00 AM,POLICE/FLAGMAN,OTHER,NO DEFECTS
2,01/01/2019 12:00:00 AM,POLICE/FLAGMAN,NO CONTROLS,UNKNOWN
364,01/01/2021 12:00:00 AM,NO CONTROLS,NO CONTROLS,OTHER
441,01/01/2021 12:00:00 AM,NO CONTROLS,FUNCTIONING PROPERLY,NO DEFECTS
1,01/01/2022 12:00:00 AM,UNKNOWN,NO CONTROLS,"RUT, HOLES"
1,01/01/2020 12:00:00 AM,NO PASSING,NO CONTROLS,NO DEFECTS
6,01/01/2023 12:00:00 AM,OTHER RAILROAD CROSSING,FUNCTIONING PROPERLY,NO DEFECTS
1,01/01/2020 12:00:00 AM,UNKNOWN,NO CONTROLS,WORN SURFACE
12,01/01/2021 12:00:00 AM,OTHER REG. SIGN,NO CONTROLS,NO DEFECTS
2,01/01/2022 12:00:00 AM,NO CONTROLS,FUNCTIONING IMPROPERLY,UNKNOWN
173,01/01/2021 12:00:00 AM,OTHER,OTHER,NO DEFECTS
7784,01/01/2019 12:00:00 AM,NO CONTROLS,NO CONTROLS,UNKNOWN
1,01/01/2020 12:00:00 AM,NO CONTROLS,MISSING,NO DEFECTS
194,01/01/2020 12:00:00 AM,OTHER,FUNCTIONING PROPERLY,NO DEFECTS
1,01/01/2022 12:00:00 AM,NO CONTROLS,UNKNOWN,DEBRIS ON ROADWAY
2,01/01/2023 12:00:00 AM,STOP SIGN/FLASHER,UNKNOWN,WORN SURFACE
6,01/01/2020 12:00:00 AM,NO CONTROLS,UNKNOWN,OTHER
2,01/01/2019 12:00:00 AM,RAILROAD CROSSING GATE,OTHER,NO DEFECTS
1215,01/01/2023 12:00:00 AM,STOP SIGN/FLASHER,NO CONTROLS,NO DEFECTS
86,01/01/2020 12:00:00 AM,TRAFFIC SIGNAL,FUNCTIONING PROPERLY,WORN SURFACE
1,01/01/2023 12:00:00 AM,TRAFFIC SIGNAL,UNKNOWN,SHOULDER DEFECT
33,01/01/2022 12:00:00 AM,STOP SIGN/FLASHER,NOT FUNCTIONING,NO DEFECTS
3,01/01/2020 12:00:00 AM,DELINEATORS,OTHER,UNKNOWN
2,01/01/2020 12:00:00 AM,RR CROSSING SIGN,UNKNOWN,NO DEFECTS
2,01/01/2019 12:00:00 AM,OTHER WARNING SIGN,FUNCTIONING PROPERLY,OTHER
2,01/01/2023 12:00:00 AM,YIELD,FUNCTIONING IMPROPERLY,NO DEFECTS
39,01/01/2022 12:00:00 AM,OTHER,FUNCTIONING PROPERLY,UNKNOWN
1,01/01/2021 12:00:00 AM,TRAFFIC SIGNAL,NOT FUNCTIONING,"RUT, HOLES"
3,01/01/2021 12:00:00 AM,OTHER RAILROAD CROSSING,NO CONTROLS,NO DEFECTS
1,01/01/2019 12:00:00 AM,YIELD,MISSING,UNKNOWN
4,01/01/2021 12:00:00 AM,PEDESTRIAN CROSSING SIGN,OTHER,NO DEFECTS
188,01/01/2021 12:00:00 AM,OTHER,FUNCTIONING PROPERLY,NO DEFECTS
66,01/01/2022 12:00:00 AM,OTHER,OTHER,UNKNOWN
7,01/01/2019 12:00:00 AM,NO CONTROLS,NOT FUNCTIONING,SHOULDER DEFECT
11,01/01/2019 12:00:00 AM,POLICE/FLAGMAN,OTHER,NO DEFECTS
2,01/01/2019 12:00:00 AM,SCHOOL ZONE,NO CONTROLS,UNKNOWN
1,01/01/2021 12:00:00 AM,OTHER,UNKNOWN,OTHER
1,01/01/2023 12:00:00 AM,OTHER RAILROAD CROSSING,OTHER,OTHER
2,01/01/2022 12:00:00 AM,TRAFFIC SIGNAL,NO CONTROLS,"RUT, HOLES"
1308,01/01/2019 12:00:00 AM,STOP SIGN/FLASHER,NO CONTROLS,NO DEFECTS
1,01/01/2020 12:00:00 AM,OTHER REG. SIGN,FUNCTIONING PROPERLY,OTHER
6,01/01/2020 12:00:00 AM,FLASHING CONTROL SIGNAL,FUNCTIONING PROPERLY,UNKNOWN
1,01/01/2023 12:00:00 AM,OTHER RAILROAD CROSSING,NO CONTROLS,WORN SURFACE
1,01/01/2021 12:00:00 AM,NO CONTROLS,FUNCTIONING PROPERLY,"RUT, HOLES"
1,01/01/2022 12:00:00 AM,PEDESTRIAN CROSSING SIGN,WORN REFLECTIVE MATERIAL,NO DEFECTS
71,01/01/2023 12:00:00 AM,NO CONTROLS,NO CONTROLS,SHOULDER DEFECT
64,01/01/2020 12:00:00 AM,YIELD,FUNCTIONING PROPERLY,NO DEFECTS
2,01/01/2022 12:00:00 AM,POLICE/FLAGMAN,UNKNOWN,NO DEFECTS
289,01/01/2021 12:00:00 AM,NO CONTROLS,NO CONTROLS,WORN SURFACE
1,01/01/2022 12:00:00 AM,OTHER,FUNCTIONING IMPROPERLY,UNKNOWN
6,01/01/2019 12:00:00 AM,PEDESTRIAN CROSSING SIGN,OTHER,NO DEFECTS
1,01/01/2020 12:00:00 AM,OTHER WARNING SIGN,OTHER,WORN SURFACE
3,01/01/2021 12:00:00 AM,NO CONTROLS,FUNCTIONING PROPERLY,OTHER
17,01/01/2022 12:00:00 AM,PEDESTRIAN CROSSING SIGN,NO CONTROLS,NO DEFECTS
2,01/01/2021 12:00:00 AM,STOP SIGN/FLASHER,OTHER,"RUT, HOLES"
1,01/01/2020 12:00:00 AM,POLICE/FLAGMAN,FUNCTIONING PROPERLY,UNKNOWN
3,01/01/2020 12:00:00 AM,RAILROAD CROSSING GATE,FUNCTIONING PROPERLY,UNKNOWN
48,01/01/2020 12:00:00 AM,OTHER,OTHER,UNKNOWN
7,01/01/2023 12:00:00 AM,TRAFFIC SIGNAL,WORN REFLECTIVE MATERIAL,NO DEFECTS
9,01/01/2020 12:00:00 AM,OTHER WARNING SIGN,OTHER,NO DEFECTS
1,01/01/2020 12:00:00 AM,RR CROSSING SIGN,FUNCTIONING IMPROPERLY,NO DEFECTS
1,01/01/2023 12:00:00 AM,STOP SIGN/FLASHER,NO CONTROLS,"RUT, HOLES"
1141,01/01/2020 12:00:00 AM,STOP SIGN/FLASHER,NO CONTROLS,NO DEFECTS
2,01/01/2023 12:00:00 AM,NO CONTROLS,FUNCTIONING IMPROPERLY,UNKNOWN
2,01/01/2023 12:00:00 AM,OTHER WARNING SIGN,WORN REFLECTIVE MATERIAL,OTHER
9,01/01/2021 12:00:00 AM,YIELD,FUNCTIONING PROPERLY,UNKNOWN
1,01/01/2020 12:00:00 AM,TRAFFIC SIGNAL,OTHER,OTHER
2,01/01/2020 12:00:00 AM,SCHOOL ZONE,UNKNOWN,NO DEFECTS
5,01/01/2023 12:00:00 AM,OTHER,NO CONTROLS,OTHER
228,01/01/2021 12:00:00 AM,STOP SIGN/FLASHER,OTHER,NO DEFECTS
30,01/01/2019 12:00:00 AM,STOP SIGN/FLASHER,FUNCTIONING PROPERLY,WORN SURFACE
1,01/01/2023 12:00:00 AM,UNKNOWN,OTHER,"RUT, HOLES"
5,01/01/2022 12:00:00 AM,UNKNOWN,UNKNOWN,WORN SURFACE
10540,01/01/2022 12:00:00 AM,NO CONTROLS,NO CONTROLS,UNKNOWN
84,01/01/2019 12:00:00 AM,OTHER WARNING SIGN,FUNCTIONING PROPERLY,NO DEFECTS
118,01/01/2022 12:00:00 AM,TRAFFIC SIGNAL,FUNCTIONING PROPERLY,WORN SURFACE
8,01/01/2021 12:00:00 AM,OTHER,FUNCTIONING IMPROPERLY,NO DEFECTS
2,01/01/2019 12:00:00 AM,NO CONTROLS,WORN REFLECTIVE MATERIAL,WORN SURFACE
22080,01/01/2023 12:00:00 AM,TRAFFIC SIGNAL,FUNCTIONING PROPERLY,NO DEFECTS
2,01/01/2023 12:00:00 AM,UNKNOWN,OTHER,OTHER
1,01/01/2019 12:00:00 AM,POLICE/FLAGMAN,OTHER,UNKNOWN
1,01/01/2022 12:00:00 AM,OTHER,NO CONTROLS,"RUT, HOLES"
2694,01/01/2021 12:00:00 AM,UNKNOWN,UNKNOWN,UNKNOWN
1,01/01/2022 12:00:00 AM,PEDESTRIAN CROSSING SIGN,FUNCTIONING PROPERLY,WORN SURFACE
5,01/01/2022 12:00:00 AM,OTHER RAILROAD CROSSING,NO CONTROLS,NO DEFECTS
18,01/01/2020 12:00:00 AM,UNKNOWN,UNKNOWN,"RUT, HOLES"
2,01/01/2022 12:00:00 AM,UNKNOWN,UNKNOWN,DEBRIS ON ROADWAY
1,01/01/2020 12:00:00 AM,NO CONTROLS,OTHER,"RUT, HOLES"
2,01/01/2023 12:00:00 AM,RR CROSSING SIGN,NO CONTROLS,NO DEFECTS
798,01/01/2020 12:00:00 AM,UNKNOWN,UNKNOWN,NO DEFECTS
110,01/01/2021 12:00:00 AM,UNKNOWN,NO CONTROLS,NO DEFECTS
25,01/01/2023 12:00:00 AM,OTHER,NO CONTROLS,UNKNOWN
23,01/01/2019 12:00:00 AM,POLICE/FLAGMAN,FUNCTIONING PROPERLY,NO DEFECTS
2,01/01/2023 12:00:00 AM,RAILROAD CROSSING GATE,FUNCTIONING IMPROPERLY,UNKNOWN
6,01/01/2020 12:00:00 AM,DELINEATORS,OTHER,NO DEFECTS
2,01/01/2019 12:00:00 AM,TRAFFIC SIGNAL,NO CONTROLS,"RUT, HOLES"
1,01/01/2021 12:00:00 AM,TRAFFIC SIGNAL,FUNCTIONING IMPROPERLY,WORN SURFACE
65,01/01/2019 12:00:00 AM,OTHER REG. SIGN,FUNCTIONING PROPERLY,NO DEFECTS
4,01/01/2022 12:00:00 AM,STOP SIGN/FLASHER,OTHER,OTHER
1,01/01/2019 12:00:00 AM,FLASHING CONTROL SIGNAL,NOT FUNCTIONING,UNKNOWN
1,01/01/2022 12:00:00 AM,DELINEATORS,FUNCTIONING PROPERLY,UNKNOWN
13,01/01/2019 12:00:00 AM,PEDESTRIAN CROSSING SIGN,FUNCTIONING PROPERLY,UNKNOWN
6,01/01/2021 12:00:00 AM,OTHER WARNING SIGN,FUNCTIONING PROPERLY,OTHER
1,01/01/2020 12:00:00 AM,NO CONTROLS,UNKNOWN,"RUT, HOLES"
2,01/01/2020 12:00:00 AM,STOP SIGN/FLASHER,NO CONTROLS,"RUT, HOLES"
2033,01/01/2023 12:00:00 AM,TRAFFIC SIGNAL,UNKNOWN,UNKNOWN
1,01/01/2021 12:00:00 AM,OTHER REG. SIGN,NOT FUNCTIONING,NO DEFECTS
1,01/01/2023 12:00:00 AM,PEDESTRIAN CROSSING SIGN,FUNCTIONING IMPROPERLY,UNKNOWN
4,01/01/2019 12:00:00 AM,NO CONTROLS,NOT FUNCTIONING,"RUT, HOLES"
139,01/01/2022 12:00:00 AM,STOP SIGN/FLASHER,UNKNOWN,NO DEFECTS
401,01/01/2020 12:00:00 AM,NO CONTROLS,UNKNOWN,NO DEFECTS
2,01/01/2021 12:00:00 AM,SCHOOL ZONE,UNKNOWN,UNKNOWN
1,01/01/2022 12:00:00 AM,POLICE/FLAGMAN,NO CONTROLS,UNKNOWN
6,01/01/2023 12:00:00 AM,RR CROSSING SIGN,FUNCTIONING PROPERLY,NO DEFECTS
7,01/01/2022 12:00:00 AM,OTHER WARNING SIGN,FUNCTIONING PROPERLY,UNKNOWN
1,01/01/2023 12:00:00 AM,RAILROAD CROSSING GATE,FUNCTIONING PROPERLY,WORN SURFACE
2,01/01/2021 12:00:00 AM,POLICE/FLAGMAN,WORN REFLECTIVE MATERIAL,NO DEFECTS
2,01/01/2020 12:00:00 AM,PEDESTRIAN CROSSING SIGN,WORN REFLECTIVE MATERIAL,NO DEFECTS
6,01/01/2023 12:00:00 AM,RAILROAD CROSSING GATE,NO CONTROLS,NO DEFECTS
1,01/01/2019 12:00:00 AM,UNKNOWN,NOT FUNCTIONING,UNKNOWN
1,01/01/2021 12:00:00 AM,RAILROAD CROSSING GATE,FUNCTIONING PROPERLY,OTHER
1,01/01/2021 12:00:00 AM,UNKNOWN,UNKNOWN,DEBRIS ON ROADWAY
49,01/01/2021 12:00:00 AM,PEDESTRIAN CROSSING SIGN,FUNCTIONING PROPERLY,NO DEFECTS
1,01/01/2022 12:00:00 AM,POLICE/FLAGMAN,NO CONTROLS,OTHER
1,01/01/2019 12:00:00 AM,NO CONTROLS,WORN REFLECTIVE MATERIAL,DEBRIS ON ROADWAY
58,01/01/2022 12:00:00 AM,UNKNOWN,FUNCTIONING PROPERLY,NO DEFECTS
1,01/01/2020 12:00:00 AM,YIELD,UNKNOWN,SHOULDER DEFECT
2,01/01/2022 12:00:00 AM,STOP SIGN/FLASHER,FUNCTIONING PROPERLY,DEBRIS ON ROADWAY
23,01/01/2021 12:00:00 AM,NO CONTROLS,NOT FUNCTIONING,UNKNOWN
221,01/01/2019 12:00:00 AM,OTHER,FUNCTIONING PROPERLY,NO DEFECTS
1,01/01/2022 12:00:00 AM,OTHER RAILROAD CROSSING,UNKNOWN,NO DEFECTS
1,01/01/2023 12:00:00 AM,BICYCLE CROSSING SIGN,NO CONTROLS,NO DEFECTS
12,01/01/2022 12:00:00 AM,RR CROSSING SIGN,UNKNOWN,UNKNOWN
1,01/01/2023 12:00:00 AM,FLASHING CONTROL SIGNAL,NOT FUNCTIONING,UNKNOWN
11,01/01/2021 12:00:00 AM,UNKNOWN,OTHER,NO DEFECTS
1,01/01/2022 12:00:00 AM,OTHER RAILROAD CROSSING,NO CONTROLS,OTHER
7,01/01/2019 12:00:00 AM,OTHER,FUNCTIONING PROPERLY,OTHER
1,01/01/2023 12:00:00 AM,OTHER WARNING SIGN,FUNCTIONING PROPERLY,"RUT, HOLES"
1,01/01/2021 12:00:00 AM,OTHER,NOT FUNCTIONING,NO DEFECTS
1,01/01/2021 12:00:00 AM,TRAFFIC SIGNAL,NO CONTROLS,DEBRIS ON ROADWAY
3,01/01/2022 12:00:00 AM,OTHER,NO CONTROLS,OTHER
9,01/01/2021 12:00:00 AM,OTHER WARNING SIGN,NO CONTROLS,NO DEFECTS
1,01/01/2020 12:00:00 AM,OTHER RAILROAD CROSSING,NO CONTROLS,UNKNOWN
2,01/01/2020 12:00:00 AM,UNKNOWN,FUNCTIONING IMPROPERLY,UNKNOWN
1,01/01/2019 12:00:00 AM,OTHER WARNING SIGN,FUNCTIONING PROPERLY,"RUT, HOLES"
522,01/01/2022 12:00:00 AM,TRAFFIC SIGNAL,NO CONTROLS,NO DEFECTS
3,01/01/2022 12:00:00 AM,SCHOOL ZONE,NO CONTROLS,UNKNOWN
15,01/01/2019 12:00:00 AM,NO CONTROLS,FUNCTIONING PROPERLY,"RUT, HOLES"
1,01/01/2019 12:00:00 AM,OTHER,WORN REFLECTIVE MATERIAL,NO DEFECTS
236,01/01/2020 12:00:00 AM,STOP SIGN/FLASHER,OTHER,NO DEFECTS
1,01/01/2022 12:00:00 AM,UNKNOWN,NO CONTROLS,SHOULDER DEFECT
4,01/01/2020 12:00:00 AM,TRAFFIC SIGNAL,UNKNOWN,WORN SURFACE
1,01/01/2023 12:00:00 AM,NO CONTROLS,WORN REFLECTIVE MATERIAL,UNKNOWN
95,01/01/2020 12:00:00 AM,OTHER,NO CONTROLS,NO DEFECTS
139,01/01/2019 12:00:00 AM,NO CONTROLS,NO CONTROLS,SHOULDER DEFECT
87,01/01/2023 12:00:00 AM,UNKNOWN,NO CONTROLS,UNKNOWN
3,01/01/2023 12:00:00 AM,OTHER,WORN REFLECTIVE MATERIAL,NO DEFECTS
187,01/01/2022 12:00:00 AM,OTHER,OTHER,NO DEFECTS
60,01/01/2022 12:00:00 AM,UNKNOWN,NO CONTROLS,UNKNOWN
51,01/01/2020 12:00:00 AM,TRAFFIC SIGNAL,FUNCTIONING PROPERLY,SHOULDER DEFECT
1,01/01/2022 12:00:00 AM,OTHER WARNING SIGN,NO CONTROLS,"RUT, HOLES"
2,01/01/2021 12:00:00 AM,OTHER WARNING SIGN,NO CONTROLS,OTHER
4,01/01/2023 12:00:00 AM,FLASHING CONTROL SIGNAL,FUNCTIONING IMPROPERLY,NO DEFECTS
1,01/01/2021 12:00:00 AM,OTHER WARNING SIGN,OTHER,UNKNOWN
1,01/01/2019 12:00:00 AM,RR CROSSING SIGN,UNKNOWN,NO DEFECTS
1,01/01/2020 12:00:00 AM,OTHER WARNING SIGN,FUNCTIONING PROPERLY,OTHER
1,01/01/2021 12:00:00 AM,OTHER,FUNCTIONING PROPERLY,SHOULDER DEFECT
1,01/01/2022 12:00:00 AM,OTHER WARNING SIGN,FUNCTIONING PROPERLY,DEBRIS ON ROADWAY
1,01/01/2022 12:00:00 AM,OTHER,MISSING,NO DEFECTS
1,01/01/2022 12:00:00 AM,RAILROAD CROSSING GATE,FUNCTIONING PROPERLY,"RUT, HOLES"
1251,01/01/2022 12:00:00 AM,STOP SIGN/FLASHER,NO CONTROLS,NO DEFECTS
1,01/01/2020 12:00:00 AM,NO PASSING,OTHER,NO DEFECTS
3,01/01/2023 12:00:00 AM,SCHOOL ZONE,UNKNOWN,NO DEFECTS
1,01/01/2021 12:00:00 AM,TRAFFIC SIGNAL,NO CONTROLS,WORN SURFACE
2,01/01/2022 12:00:00 AM,TRAFFIC SIGNAL,FUNCTIONING IMPROPERLY,OTHER
3,01/01/2022 12:00:00 AM,UNKNOWN,FUNCTIONING IMPROPERLY,UNKNOWN
1,01/01/2019 12:00:00 AM,OTHER REG. SIGN,WORN REFLECTIVE MATERIAL,NO DEFECTS
2,01/01/2022 12:00:00 AM,UNKNOWN,UNKNOWN,SHOULDER DEFECT
36,01/01/2020 12:00:00 AM,STOP SIGN/FLASHER,NOT FUNCTIONING,NO DEFECTS
37,01/01/2021 12:00:00 AM,TRAFFIC SIGNAL,FUNCTIONING IMPROPERLY,UNKNOWN
225,01/01/2021 12:00:00 AM,STOP SIGN/FLASHER,NO CONTROLS,UNKNOWN
83,01/01/2022 12:00:00 AM,NO CONTROLS,OTHER,NO DEFECTS
2,01/01/2022 12:00:00 AM,RR CROSSING SIGN,NO CONTROLS,NO DEFECTS
1,01/01/2022 12:00:00 AM,OTHER REG. SIGN,FUNCTIONING IMPROPERLY,UNKNOWN
1,01/01/2021 12:00:00 AM,RAILROAD CROSSING GATE,FUNCTIONING IMPROPERLY,NO DEFECTS
1,01/01/2021 12:00:00 AM,STOP SIGN/FLASHER,UNKNOWN,SHOULDER DEFECT
4,01/01/2019 12:00:00 AM,YIELD,FUNCTIONING PROPERLY,UNKNOWN
111,01/01/2021 12:00:00 AM,NO CONTROLS,NOT FUNCTIONING,NO DEFECTS
6,01/01/2019 12:00:00 AM,UNKNOWN,UNKNOWN,WORN SURFACE
1,01/01/2019 12:00:00 AM,DELINEATORS,NO CONTROLS,UNKNOWN
2,01/01/2021 12:00:00 AM,STOP SIGN/FLASHER,WORN REFLECTIVE MATERIAL,WORN SURFACE
1331,01/01/2023 12:00:00 AM,UNKNOWN,UNKNOWN,NO DEFECTS
23,01/01/2020 12:00:00 AM,TRAFFIC SIGNAL,OTHER,NO DEFECTS
1,01/01/2020 12:00:00 AM,TRAFFIC SIGNAL,OTHER,SHOULDER DEFECT
10,01/01/2020 12:00:00 AM,UNKNOWN,OTHER,NO DEFECTS
1,01/01/2022 12:00:00 AM,OTHER REG. SIGN,UNKNOWN,NO DEFECTS
1,01/01/2022 12:00:00 AM,OTHER,OTHER,WORN SURFACE
3,01/01/2020 12:00:00 AM,UNKNOWN,UNKNOWN,SHOULDER DEFECT
15,01/01/2021 12:00:00 AM,NO CONTROLS,FUNCTIONING IMPROPERLY,NO DEFECTS
1,01/01/2019 12:00:00 AM,RAILROAD CROSSING GATE,NO CONTROLS,UNKNOWN
13,01/01/2021 12:00:00 AM,UNKNOWN,FUNCTIONING PROPERLY,UNKNOWN
38,01/01/2020 12:00:00 AM,RAILROAD CROSSING GATE,FUNCTIONING PROPERLY,NO DEFECTS
1,01/01/2023 12:00:00 AM,NO CONTROLS,MISSING,UNKNOWN
1,01/01/2021 12:00:00 AM,TRAFFIC SIGNAL,UNKNOWN,WORN SURFACE
3,01/01/2019 12:00:00 AM,STOP SIGN/FLASHER,MISSING,NO DEFECTS
2,01/01/2021 12:00:00 AM,POLICE/FLAGMAN,UNKNOWN,NO DEFECTS
1,01/01/2022 12:00:00 AM,NO PASSING,FUNCTIONING PROPERLY,UNKNOWN
3,01/01/2022 12:00:00 AM,PEDESTRIAN CROSSING SIGN,UNKNOWN,NO DEFECTS
49,01/01/2021 12:00:00 AM,TRAFFIC SIGNAL,NO CONTROLS,UNKNOWN
2,01/01/2021 12:00:00 AM,TRAFFIC SIGNAL,FUNCTIONING IMPROPERLY,OTHER
1,01/01/2021 12:00:00 AM,RR CROSSING SIGN,NOT FUNCTIONING,NO DEFECTS
2,01/01/2019 12:00:00 AM,NO PASSING,NO CONTROLS,NO DEFECTS
3,01/01/2023 12:00:00 AM,UNKNOWN,FUNCTIONING IMPROPERLY,NO DEFECTS
45,01/01/2022 12:00:00 AM,YIELD,NO CONTROLS,NO DEFECTS
190,01/01/2019 12:00:00 AM,STOP SIGN/FLASHER,UNKNOWN,NO DEFECTS
4,01/01/2020 12:00:00 AM,YIELD,OTHER,NO DEFECTS
2,01/01/2019 12:00:00 AM,RR CROSSING SIGN,FUNCTIONING PROPERLY,UNKNOWN
2,01/01/2020 12:00:00 AM,PEDESTRIAN CROSSING SIGN,UNKNOWN,UNKNOWN
1,01/01/2019 12:00:00 AM,LANE USE MARKING,NO CONTROLS,"RUT, HOLES"
2,01/01/2020 12:00:00 AM,OTHER WARNING SIGN,FUNCTIONING IMPROPERLY,NO DEFECTS
4,01/01/2023 12:00:00 AM,NO CONTROLS,UNKNOWN,OTHER
34,01/01/2020 12:00:00 AM,TRAFFIC SIGNAL,FUNCTIONING IMPROPERLY,UNKNOWN
13,01/01/2023 12:00:00 AM,YIELD,FUNCTIONING PROPERLY,UNKNOWN
19,01/01/2020 12:00:00 AM,STOP SIGN/FLASHER,FUNCTIONING PROPERLY,WORN SURFACE
476,01/01/2022 12:00:00 AM,NO CONTROLS,UNKNOWN,UNKNOWN
7,01/01/2023 12:00:00 AM,UNKNOWN,UNKNOWN,WORN SURFACE
5,01/01/2020 12:00:00 AM,OTHER REG. SIGN,FUNCTIONING PROPERLY,UNKNOWN
3,01/01/2023 12:00:00 AM,STOP SIGN/FLASHER,NOT FUNCTIONING,UNKNOWN
5,01/01/2022 12:00:00 AM,PEDESTRIAN CROSSING SIGN,NO CONTROLS,UNKNOWN
1,01/01/2020 12:00:00 AM,BICYCLE CROSSING SIGN,UNKNOWN,UNKNOWN
23,01/01/2020 12:00:00 AM,OTHER,UNKNOWN,NO DEFECTS
1,01/01/2019 12:00:00 AM,FLASHING CONTROL SIGNAL,NO CONTROLS,NO DEFECTS
3,01/01/2023 12:00:00 AM,STOP SIGN/FLASHER,FUNCTIONING PROPERLY,SHOULDER DEFECT
2,01/01/2020 12:00:00 AM,STOP SIGN/FLASHER,OTHER,OTHER
12,01/01/2022 12:00:00 AM,TRAFFIC SIGNAL,FUNCTIONING PROPERLY,DEBRIS ON ROADWAY
70,01/01/2023 12:00:00 AM,UNKNOWN,FUNCTIONING PROPERLY,NO DEFECTS
6,01/01/2020 12:00:00 AM,RR CROSSING SIGN,UNKNOWN,UNKNOWN
1,01/01/2019 12:00:00 AM,OTHER,FUNCTIONING IMPROPERLY,OTHER
2,01/01/2020 12:00:00 AM,BICYCLE CROSSING SIGN,FUNCTIONING PROPERLY,NO DEFECTS
107,01/01/2022 12:00:00 AM,TRAFFIC SIGNAL,FUNCTIONING PROPERLY,OTHER
1,01/01/2019 12:00:00 AM,OTHER REG. SIGN,FUNCTIONING PROPERLY,SHOULDER DEFECT
365,01/01/2021 12:00:00 AM,NO CONTROLS,UNKNOWN,NO DEFECTS
2,01/01/2021 12:00:00 AM,TRAFFIC SIGNAL,WORN REFLECTIVE MATERIAL,UNKNOWN
1,01/01/2023 12:00:00 AM,BICYCLE CROSSING SIGN,OTHER,NO DEFECTS
5,01/01/2021 12:00:00 AM,RAILROAD CROSSING GATE,UNKNOWN,UNKNOWN
4,01/01/2019 12:00:00 AM,UNKNOWN,UNKNOWN,DEBRIS ON ROADWAY
6,01/01/2019 12:00:00 AM,STOP SIGN/FLASHER,FUNCTIONING PROPERLY,DEBRIS ON ROADWAY
2573,01/01/2020 12:00:00 AM,TRAFFIC SIGNAL,FUNCTIONING PROPERLY,UNKNOWN
1,01/01/2020 12:00:00 AM,SCHOOL ZONE,FUNCTIONING PROPERLY,UNKNOWN
6,01/01/2021 12:00:00 AM,STOP SIGN/FLASHER,WORN REFLECTIVE MATERIAL,NO DEFECTS
2,01/01/2019 12:00:00 AM,OTHER RAILROAD CROSSING,NO CONTROLS,"RUT, HOLES"
341,01/01/2019 12:00:00 AM,STOP SIGN/FLASHER,UNKNOWN,UNKNOWN
8,01/01/2022 12:00:00 AM,YIELD,FUNCTIONING PROPERLY,UNKNOWN
2,01/01/2021 12:00:00 AM,FLASHING CONTROL SIGNAL,FUNCTIONING IMPROPERLY,UNKNOWN
423,01/01/2020 12:00:00 AM,NO CONTROLS,FUNCTIONING PROPERLY,NO DEFECTS
8,01/01/2023 12:00:00 AM,STOP SIGN/FLASHER,FUNCTIONING PROPERLY,"RUT, HOLES"
35,01/01/2023 12:00:00 AM,OTHER,UNKNOWN,NO DEFECTS
3,01/01/2023 12:00:00 AM,STOP SIGN/FLASHER,MISSING,NO DEFECTS
4,01/01/2020 12:00:00 AM,NO CONTROLS,NOT FUNCTIONING,SHOULDER DEFECT
2,01/01/2023 12:00:00 AM,UNKNOWN,UNKNOWN,DEBRIS ON ROADWAY
1,01/01/2021 12:00:00 AM,NO CONTROLS,OTHER,"RUT, HOLES"
3,01/01/2022 12:00:00 AM,UNKNOWN,OTHER,OTHER
1,01/01/2019 12:00:00 AM,RAILROAD CROSSING GATE,FUNCTIONING PROPERLY,"RUT, HOLES"
4,01/01/2019 12:00:00 AM,NO CONTROLS,OTHER,OTHER
13,01/01/2020 12:00:00 AM,DELINEATORS,FUNCTIONING PROPERLY,NO DEFECTS
26,01/01/2022 12:00:00 AM,UNKNOWN,FUNCTIONING PROPERLY,UNKNOWN
2,01/01/2022 12:00:00 AM,RAILROAD CROSSING GATE,UNKNOWN,UNKNOWN
1,01/01/2020 12:00:00 AM,TRAFFIC SIGNAL,NO CONTROLS,DEBRIS ON ROADWAY
42,01/01/2023 12:00:00 AM,DELINEATORS,FUNCTIONING PROPERLY,NO DEFECTS
17,01/01/2020 12:00:00 AM,NO CONTROLS,FUNCTIONING IMPROPERLY,NO DEFECTS
5,01/01/2021 12:00:00 AM,STOP SIGN/FLASHER,NO CONTROLS,OTHER
22,01/01/2019 12:00:00 AM,OTHER,FUNCTIONING PROPERLY,UNKNOWN
116,01/01/2021 12:00:00 AM,NO CONTROLS,NO CONTROLS,SHOULDER DEFECT
5,01/01/2019 12:00:00 AM,STOP SIGN/FLASHER,UNKNOWN,"RUT, HOLES"
1,01/01/2023 12:00:00 AM,TRAFFIC SIGNAL,NO CONTROLS,DEBRIS ON ROADWAY
2,01/01/2019 12:00:00 AM,BICYCLE CROSSING SIGN,FUNCTIONING PROPERLY,NO DEFECTS
6810,01/01/2020 12:00:00 AM,NO CONTROLS,NO CONTROLS,UNKNOWN
2,01/01/2019 12:00:00 AM,PEDESTRIAN CROSSING SIGN,FUNCTIONING IMPROPERLY,NO DEFECTS
27,01/01/2022 12:00:00 AM,TRAFFIC SIGNAL,OTHER,NO DEFECTS
102,01/01/2022 12:00:00 AM,NO CONTROLS,NOT FUNCTIONING,NO DEFECTS
1,01/01/2023 12:00:00 AM,OTHER REG. SIGN,WORN REFLECTIVE MATERIAL,NO DEFECTS
63,01/01/2020 12:00:00 AM,UNKNOWN,FUNCTIONING PROPERLY,NO DEFECTS
19,01/01/2020 12:00:00 AM,STOP SIGN/FLASHER,FUNCTIONING PROPERLY,OTHER
1,01/01/2022 12:00:00 AM,BICYCLE CROSSING SIGN,NO CONTROLS,NO DEFECTS
1,01/01/2021 12:00:00 AM,TRAFFIC SIGNAL,UNKNOWN,DEBRIS ON ROADWAY
10,01/01/2021 12:00:00 AM,STOP SIGN/FLASHER,FUNCTIONING IMPROPERLY,UNKNOWN
33,01/01/2022 12:00:00 AM,NO CONTROLS,OTHER,UNKNOWN
5,01/01/2020 12:00:00 AM,NO CONTROLS,OTHER,OTHER
1,01/01/2022 12:00:00 AM,OTHER WARNING SIGN,FUNCTIONING IMPROPERLY,NO DEFECTS
74,01/01/2022 12:00:00 AM,NO CONTROLS,NO CONTROLS,SHOULDER DEFECT
1,01/01/2022 12:00:00 AM,TRAFFIC SIGNAL,OTHER,SHOULDER DEFECT
10,01/01/2022 12:00:00 AM,YIELD,UNKNOWN,UNKNOWN
2,01/01/2023 12:00:00 AM,DELINEATORS,NO CONTROLS,NO DEFECTS
1,01/01/2019 12:00:00 AM,PEDESTRIAN CROSSING SIGN,FUNCTIONING PROPERLY,"RUT, HOLES"
9,01/01/2020 12:00:00 AM,OTHER RAILROAD CROSSING,NO CONTROLS,NO DEFECTS
2,01/01/2022 12:00:00 AM,POLICE/FLAGMAN,WORN REFLECTIVE MATERIAL,NO DEFECTS
1,01/01/2020 12:00:00 AM,OTHER,UNKNOWN,OTHER
16,01/01/2020 12:00:00 AM,OTHER,FUNCTIONING PROPERLY,UNKNOWN
1,01/01/2023 12:00:00 AM,SCHOOL ZONE,NO CONTROLS,UNKNOWN
3,01/01/2023 12:00:00 AM,UNKNOWN,FUNCTIONING IMPROPERLY,UNKNOWN
15,01/01/2021 12:00:00 AM,OTHER,OTHER,OTHER
8,01/01/2022 12:00:00 AM,OTHER REG. SIGN,FUNCTIONING PROPERLY,UNKNOWN
1,01/01/2019 12:00:00 AM,OTHER WARNING SIGN,NOT FUNCTIONING,NO DEFECTS
8,01/01/2020 12:00:00 AM,TRAFFIC SIGNAL,OTHER,UNKNOWN
6,01/01/2023 12:00:00 AM,RAILROAD CROSSING GATE,FUNCTIONING PROPERLY,UNKNOWN
1,01/01/2020 12:00:00 AM,DELINEATORS,FUNCTIONING IMPROPERLY,NO DEFECTS
1,01/01/2020 12:00:00 AM,OTHER REG. SIGN,OTHER,WORN SURFACE
47,01/01/2020 12:00:00 AM,NO CONTROLS,NO CONTROLS,DEBRIS ON ROADWAY
1,01/01/2020 12:00:00 AM,TRAFFIC SIGNAL,NOT FUNCTIONING,OTHER
215,01/01/2019 12:00:00 AM,TRAFFIC SIGNAL,FUNCTIONING PROPERLY,"RUT, HOLES"
39,01/01/2020 12:00:00 AM,FLASHING CONTROL SIGNAL,FUNCTIONING PROPERLY,NO DEFECTS
47861,01/01/2022 12:00:00 AM,NO CONTROLS,NO CONTROLS,NO DEFECTS
1,01/01/2022 12:00:00 AM,STOP SIGN/FLASHER,MISSING,OTHER
11328,01/01/2023 12:00:00 AM,NO CONTROLS,NO CONTROLS,UNKNOWN
2,01/01/2021 12:00:00 AM,YIELD,OTHER,OTHER
1,01/01/2021 12:00:00 AM,RAILROAD CROSSING GATE,UNKNOWN,NO DEFECTS
2,01/01/2019 12:00:00 AM,RR CROSSING SIGN,NO CONTROLS,NO DEFECTS
5,01/01/2020 12:00:00 AM,PEDESTRIAN CROSSING SIGN,OTHER,NO DEFECTS
1,01/01/2019 12:00:00 AM,OTHER,OTHER,WORN SURFACE
2,01/01/2022 12:00:00 AM,STOP SIGN/FLASHER,WORN REFLECTIVE MATERIAL,UNKNOWN
2,01/01/2023 12:00:00 AM,STOP SIGN/FLASHER,OTHER,"RUT, HOLES"
16,01/01/2019 12:00:00 AM,TRAFFIC SIGNAL,FUNCTIONING PROPERLY,DEBRIS ON ROADWAY
1283,01/01/2021 12:00:00 AM,STOP SIGN/FLASHER,NO CONTROLS,NO DEFECTS
1,01/01/2020 12:00:00 AM,SCHOOL ZONE,UNKNOWN,UNKNOWN
4,01/01/2019 12:00:00 AM,LANE USE MARKING,UNKNOWN,UNKNOWN
130,01/01/2020 12:00:00 AM,TRAFFIC SIGNAL,NOT FUNCTIONING,NO DEFECTS
10,01/01/2021 12:00:00 AM,RAILROAD CROSSING GATE,FUNCTIONING PROPERLY,UNKNOWN
1,01/01/2019 12:00:00 AM,LANE USE MARKING,UNKNOWN,"RUT, HOLES"
112,01/01/2019 12:00:00 AM,TRAFFIC SIGNAL,NOT FUNCTIONING,NO DEFECTS
372,01/01/2022 12:00:00 AM,STOP SIGN/FLASHER,UNKNOWN,UNKNOWN
1,01/01/2022 12:00:00 AM,OTHER,UNKNOWN,"RUT, HOLES"
166,01/01/2020 12:00:00 AM,NO CONTROLS,NO CONTROLS,WORN SURFACE
1,01/01/2023 12:00:00 AM,OTHER,NOT FUNCTIONING,NO DEFECTS
1,01/01/2020 12:00:00 AM,FLASHING CONTROL SIGNAL,FUNCTIONING IMPROPERLY,OTHER
1,01/01/2022 12:00:00 AM,RAILROAD CROSSING GATE,NOT FUNCTIONING,OTHER
2,01/01/2019 12:00:00 AM,NO CONTROLS,MISSING,UNKNOWN
18,01/01/2022 12:00:00 AM,STOP SIGN/FLASHER,FUNCTIONING PROPERLY,"RUT, HOLES"
50563,01/01/2021 12:00:00 AM,NO CONTROLS,NO CONTROLS,NO DEFECTS
7,01/01/2023 12:00:00 AM,NO CONTROLS,UNKNOWN,"RUT, HOLES"
3,01/01/2023 12:00:00 AM,OTHER WARNING SIGN,NO CONTROLS,NO DEFECTS
1,01/01/2021 12:00:00 AM,YIELD,FUNCTIONING PROPERLY,WORN SURFACE
1,01/01/2022 12:00:00 AM,POLICE/FLAGMAN,FUNCTIONING PROPERLY,UNKNOWN
57,01/01/2023 12:00:00 AM,PEDESTRIAN CROSSING SIGN,FUNCTIONING PROPERLY,NO DEFECTS
6,01/01/2019 12:00:00 AM,OTHER WARNING SIGN,UNKNOWN,NO DEFECTS
24,01/01/2019 12:00:00 AM,OTHER,UNKNOWN,NO DEFECTS
3,01/01/2020 12:00:00 AM,POLICE/FLAGMAN,WORN REFLECTIVE MATERIAL,NO DEFECTS
1,01/01/2020 12:00:00 AM,OTHER WARNING SIGN,FUNCTIONING PROPERLY,"RUT, HOLES"
10,01/01/2019 12:00:00 AM,UNKNOWN,FUNCTIONING IMPROPERLY,NO DEFECTS
1,01/01/2021 12:00:00 AM,SCHOOL ZONE,NO CONTROLS,UNKNOWN
1,01/01/2019 12:00:00 AM,OTHER WARNING SIGN,FUNCTIONING IMPROPERLY,UNKNOWN
2,01/01/2019 12:00:00 AM,STOP SIGN/FLASHER,OTHER,"RUT, HOLES"
2,01/01/2023 12:00:00 AM,OTHER RAILROAD CROSSING,FUNCTIONING PROPERLY,UNKNOWN
3,01/01/2020 12:00:00 AM,OTHER WARNING SIGN,UNKNOWN,NO DEFECTS
1,01/01/2023 12:00:00 AM,RR CROSSING SIGN,UNKNOWN,"RUT, HOLES"
3,01/01/2022 12:00:00 AM,FLASHING CONTROL SIGNAL,UNKNOWN,NO DEFECTS
42,01/01/2022 12:00:00 AM,TRAFFIC SIGNAL,FUNCTIONING IMPROPERLY,UNKNOWN
3,01/01/2020 12:00:00 AM,OTHER WARNING SIGN,FUNCTIONING PROPERLY,UNKNOWN
301,01/01/2023 12:00:00 AM,OTHER,FUNCTIONING PROPERLY,NO DEFECTS
64,01/01/2019 12:00:00 AM,OTHER REG. SIGN,OTHER,NO DEFECTS
24,01/01/2019 12:00:00 AM,LANE USE MARKING,NO CONTROLS,NO DEFECTS
23,01/01/2021 12:00:00 AM,STOP SIGN/FLASHER,FUNCTIONING PROPERLY,"RUT, HOLES"
1,01/01/2020 12:00:00 AM,DELINEATORS,OTHER,"RUT, HOLES"
1,01/01/2021 12:00:00 AM,OTHER RAILROAD CROSSING,FUNCTIONING PROPERLY,UNKNOWN
36,01/01/2023 12:00:00 AM,TRAFFIC SIGNAL,OTHER,NO DEFECTS
18,01/01/2019 12:00:00 AM,OTHER,NO CONTROLS,UNKNOWN
2,01/01/2021 12:00:00 AM,OTHER,OTHER,WORN SURFACE
2,01/01/2022 12:00:00 AM,OTHER REG. SIGN,OTHER,UNKNOWN
5,01/01/2021 12:00:00 AM,POLICE/FLAGMAN,NO CONTROLS,NO DEFECTS
47,01/01/2021 12:00:00 AM,DELINEATORS,FUNCTIONING PROPERLY,NO DEFECTS
2,01/01/2019 12:00:00 AM,OTHER,NOT FUNCTIONING,NO DEFECTS
2,01/01/2019 12:00:00 AM,FLASHING CONTROL SIGNAL,NOT FUNCTIONING,NO DEFECTS
2,01/01/2023 12:00:00 AM,OTHER WARNING SIGN,UNKNOWN,UNKNOWN
1,01/01/2021 12:00:00 AM,TRAFFIC SIGNAL,NOT FUNCTIONING,WORN SURFACE
3,01/01/2020 12:00:00 AM,STOP SIGN/FLASHER,UNKNOWN,OTHER
1,01/01/2021 12:00:00 AM,NO CONTROLS,FUNCTIONING PROPERLY,WORN SURFACE
1,01/01/2022 12:00:00 AM,TRAFFIC SIGNAL,NOT FUNCTIONING,OTHER
10,01/01/2023 12:00:00 AM,POLICE/FLAGMAN,NO CONTROLS,NO DEFECTS
49,01/01/2019 12:00:00 AM,TRAFFIC SIGNAL,NO CONTROLS,UNKNOWN
15,01/01/2021 12:00:00 AM,TRAFFIC SIGNAL,NOT FUNCTIONING,UNKNOWN
4,01/01/2023 12:00:00 AM,STOP SIGN/FLASHER,UNKNOWN,OTHER
343,01/01/2021 12:00:00 AM,NO CONTROLS,NO CONTROLS,"RUT, HOLES"
1,01/01/2021 12:00:00 AM,TRAFFIC SIGNAL,NO CONTROLS,OTHER
1,01/01/2020 12:00:00 AM,STOP SIGN/FLASHER,OTHER,"RUT, HOLES"
2,01/01/2021 12:00:00 AM,OTHER RAILROAD CROSSING,UNKNOWN,UNKNOWN
6,01/01/2021 12:00:00 AM,FLASHING CONTROL SIGNAL,FUNCTIONING PROPERLY,UNKNOWN
2,01/01/2019 12:00:00 AM,OTHER WARNING SIGN,FUNCTIONING PROPERLY,DEBRIS ON ROADWAY
5,01/01/2019 12:00:00 AM,TRAFFIC SIGNAL,OTHER,UNKNOWN
5,01/01/2019 12:00:00 AM,DELINEATORS,NO CONTROLS,NO DEFECTS
13,01/01/2019 12:00:00 AM,YIELD,OTHER,NO DEFECTS
4,01/01/2020 12:00:00 AM,RAILROAD CROSSING GATE,UNKNOWN,NO DEFECTS
92,01/01/2020 12:00:00 AM,NO CONTROLS,OTHER,NO DEFECTS
14,01/01/2022 12:00:00 AM,TRAFFIC SIGNAL,OTHER,UNKNOWN
1,01/01/2022 12:00:00 AM,RAILROAD CROSSING GATE,NO CONTROLS,UNKNOWN
1,01/01/2023 12:00:00 AM,STOP SIGN/FLASHER,OTHER,DEBRIS ON ROADWAY
111,01/01/2023 12:00:00 AM,OTHER,FUNCTIONING PROPERLY,UNKNOWN
1,01/01/2020 12:00:00 AM,OTHER REG. SIGN,OTHER,"RUT, HOLES"
6,01/01/2021 12:00:00 AM,TRAFFIC SIGNAL,UNKNOWN,OTHER
56,01/01/2023 12:00:00 AM,NO CONTROLS,NOT FUNCTIONING,NO DEFECTS
13,01/01/2023 12:00:00 AM,TRAFFIC SIGNAL,UNKNOWN,OTHER
3,01/01/2023 12:00:00 AM,OTHER REG. SIGN,OTHER,NO DEFECTS
6,01/01/2023 12:00:00 AM,OTHER,FUNCTIONING IMPROPERLY,NO DEFECTS
8,01/01/2022 12:00:00 AM,UNKNOWN,OTHER,NO DEFECTS
17,01/01/2019 12:00:00 AM,UNKNOWN,FUNCTIONING PROPERLY,UNKNOWN
1,01/01/2021 12:00:00 AM,TRAFFIC SIGNAL,FUNCTIONING IMPROPERLY,"RUT, HOLES"
1,01/01/2023 12:00:00 AM,OTHER WARNING SIGN,UNKNOWN,OTHER
5,01/01/2021 12:00:00 AM,FLASHING CONTROL SIGNAL,UNKNOWN,UNKNOWN
2,01/01/2022 12:00:00 AM,OTHER WARNING SIGN,UNKNOWN,NO DEFECTS
37,01/01/2023 12:00:00 AM,YIELD,UNKNOWN,NO DEFECTS
10,01/01/2022 12:00:00 AM,SCHOOL ZONE,UNKNOWN,UNKNOWN
4,01/01/2021 12:00:00 AM,SCHOOL ZONE,FUNCTIONING PROPERLY,NO DEFECTS
3,01/01/2019 12:00:00 AM,OTHER,UNKNOWN,OTHER
1003,01/01/2019 12:00:00 AM,STOP SIGN/FLASHER,FUNCTIONING PROPERLY,UNKNOWN
1,01/01/2019 12:00:00 AM,PEDESTRIAN CROSSING SIGN,OTHER,UNKNOWN
1,01/01/2023 12:00:00 AM,NO CONTROLS,UNKNOWN,WORN SURFACE
15,01/01/2020 12:00:00 AM,UNKNOWN,FUNCTIONING PROPERLY,UNKNOWN
4,01/01/2022 12:00:00 AM,NO CONTROLS,UNKNOWN,WORN SURFACE
47,01/01/2023 12:00:00 AM,TRAFFIC SIGNAL,FUNCTIONING PROPERLY,"RUT, HOLES"
7,01/01/2023 12:00:00 AM,OTHER REG. SIGN,FUNCTIONING PROPERLY,UNKNOWN
9,01/01/2019 12:00:00 AM,YIELD,UNKNOWN,NO DEFECTS
1,01/01/2023 12:00:00 AM,DELINEATORS,FUNCTIONING PROPERLY,WORN SURFACE
28,01/01/2022 12:00:00 AM,STOP SIGN/FLASHER,FUNCTIONING PROPERLY,WORN SURFACE
56,01/01/2019 12:00:00 AM,RAILROAD CROSSING GATE,FUNCTIONING PROPERLY,NO DEFECTS
54,01/01/2020 12:00:00 AM,OTHER REG. SIGN,FUNCTIONING PROPERLY,NO DEFECTS
5,01/01/2022 12:00:00 AM,OTHER,FUNCTIONING IMPROPERLY,NO DEFECTS
67,01/01/2023 12:00:00 AM,STOP SIGN/FLASHER,OTHER,UNKNOWN
3,01/01/2022 12:00:00 AM,STOP SIGN/FLASHER,OTHER,WORN SURFACE
2,01/01/2019 12:00:00 AM,UNKNOWN,FUNCTIONING PROPERLY,OTHER
7,01/01/2019 12:00:00 AM,YIELD,NO CONTROLS,UNKNOWN
2,01/01/2019 12:00:00 AM,NO CONTROLS,MISSING,OTHER
11,01/01/2019 12:00:00 AM,NO CONTROLS,NOT FUNCTIONING,UNKNOWN
1,01/01/2021 12:00:00 AM,OTHER RAILROAD CROSSING,OTHER,NO DEFECTS
1,01/01/2019 12:00:00 AM,OTHER REG. SIGN,NO CONTROLS,WORN SURFACE
1,01/01/2022 12:00:00 AM,FLASHING CONTROL SIGNAL,FUNCTIONING PROPERLY,OTHER
6,01/01/2019 12:00:00 AM,RAILROAD CROSSING GATE,FUNCTIONING PROPERLY,UNKNOWN
1,01/01/2023 12:00:00 AM,RR CROSSING SIGN,UNKNOWN,NO DEFECTS
12,01/01/2019 12:00:00 AM,STOP SIGN/FLASHER,FUNCTIONING IMPROPERLY,UNKNOWN
58,01/01/2022 12:00:00 AM,YIELD,FUNCTIONING PROPERLY,NO DEFECTS
2,01/01/2020 12:00:00 AM,OTHER RAILROAD CROSSING,NO CONTROLS,WORN SURFACE
113,01/01/2021 12:00:00 AM,TRAFFIC SIGNAL,FUNCTIONING PROPERLY,WORN SURFACE
2,01/01/2022 12:00:00 AM,TRAFFIC SIGNAL,UNKNOWN,DEBRIS ON ROADWAY
55652,01/01/2019 12:00:00 AM,NO CONTROLS,NO CONTROLS,NO DEFECTS
1,01/01/2019 12:00:00 AM,LANE USE MARKING,FUNCTIONING IMPROPERLY,OTHER
349,01/01/2019 12:00:00 AM,NO CONTROLS,NO CONTROLS,OTHER
3,01/01/2023 12:00:00 AM,OTHER RAILROAD CROSSING,NO CONTROLS,NO DEFECTS
5683,01/01/2023 12:00:00 AM,UNKNOWN,UNKNOWN,UNKNOWN
525,01/01/2019 12:00:00 AM,NO CONTROLS,FUNCTIONING PROPERLY,NO DEFECTS
1055,01/01/2019 12:00:00 AM,UNKNOWN,UNKNOWN,NO DEFECTS
52,01/01/2019 12:00:00 AM,YIELD,NO CONTROLS,NO DEFECTS
1,01/01/2023 12:00:00 AM,NO CONTROLS,FUNCTIONING PROPERLY,"RUT, HOLES"
7,01/01/2023 12:00:00 AM,SCHOOL ZONE,UNKNOWN,UNKNOWN
125,01/01/2023 12:00:00 AM,TRAFFIC SIGNAL,FUNCTIONING PROPERLY,WORN SURFACE
60,01/01/2019 12:00:00 AM,PEDESTRIAN CROSSING SIGN,FUNCTIONING PROPERLY,NO DEFECTS
2,01/01/2019 12:00:00 AM,STOP SIGN/FLASHER,OTHER,OTHER
31,01/01/2023 12:00:00 AM,UNKNOWN,UNKNOWN,OTHER
2,01/01/2023 12:00:00 AM,STOP SIGN/FLASHER,NO CONTROLS,SHOULDER DEFECT
1,01/01/2021 12:00:00 AM,FLASHING CONTROL SIGNAL,OTHER,NO DEFECTS
2,01/01/2021 12:00:00 AM,NO CONTROLS,FUNCTIONING PROPERLY,SHOULDER DEFECT
1,01/01/2022 12:00:00 AM,OTHER WARNING SIGN,FUNCTIONING IMPROPERLY,OTHER
570,01/01/2023 12:00:00 AM,STOP SIGN/FLASHER,UNKNOWN,UNKNOWN
4,01/01/2019 12:00:00 AM,OTHER WARNING SIGN,OTHER,NO DEFECTS
5,01/01/2022 12:00:00 AM,PEDESTRIAN CROSSING SIGN,UNKNOWN,UNKNOWN
7,01/01/2021 12:00:00 AM,RR CROSSING SIGN,UNKNOWN,UNKNOWN
1,01/01/2022 12:00:00 AM,UNKNOWN,MISSING,UNKNOWN
160,01/01/2019 12:00:00 AM,STOP SIGN/FLASHER,NO CONTROLS,UNKNOWN
80,01/01/2023 12:00:00 AM,STOP SIGN/FLASHER,FUNCTIONING IMPROPERLY,NO DEFECTS
2,01/01/2020 12:00:00 AM,FLASHING CONTROL SIGNAL,UNKNOWN,NO DEFECTS
199,01/01/2023 12:00:00 AM,STOP SIGN/FLASHER,OTHER,NO DEFECTS
1,01/01/2019 12:00:00 AM,NO CONTROLS,FUNCTIONING PROPERLY,WORN SURFACE
1,01/01/2020 12:00:00 AM,RAILROAD CROSSING GATE,NO CONTROLS,NO DEFECTS
348,01/01/2020 12:00:00 AM,NO CONTROLS,UNKNOWN,UNKNOWN
1,01/01/2021 12:00:00 AM,UNKNOWN,FUNCTIONING IMPROPERLY,UNKNOWN
3,01/01/2019 12:00:00 AM,OTHER WARNING SIGN,UNKNOWN,UNKNOWN
3,01/01/2022 12:00:00 AM,STOP SIGN/FLASHER,MISSING,NO DEFECTS
17,01/01/2022 12:00:00 AM,UNKNOWN,OTHER,UNKNOWN
496,01/01/2022 12:00:00 AM,NO CONTROLS,NO CONTROLS,"RUT, HOLES"
65,01/01/2023 12:00:00 AM,YIELD,FUNCTIONING PROPERLY,NO DEFECTS
14,01/01/2022 12:00:00 AM,SCHOOL ZONE,FUNCTIONING PROPERLY,NO DEFECTS
1,01/01/2023 12:00:00 AM,OTHER,FUNCTIONING PROPERLY,DEBRIS ON ROADWAY
1,01/01/2021 12:00:00 AM,RR CROSSING SIGN,NO CONTROLS,OTHER
89,01/01/2019 12:00:00 AM,UNKNOWN,FUNCTIONING PROPERLY,NO DEFECTS
3978,01/01/2022 12:00:00 AM,TRAFFIC SIGNAL,FUNCTIONING PROPERLY,UNKNOWN
71,01/01/2023 12:00:00 AM,NO CONTROLS,OTHER,NO DEFECTS
1,01/01/2023 12:00:00 AM,UNKNOWN,NO CONTROLS,OTHER
3,01/01/2019 12:00:00 AM,LANE USE MARKING,NO CONTROLS,UNKNOWN
2,01/01/2019 12:00:00 AM,POLICE/FLAGMAN,UNKNOWN,UNKNOWN
1,01/01/2020 12:00:00 AM,YIELD,FUNCTIONING IMPROPERLY,NO DEFECTS
1,01/01/2023 12:00:00 AM,OTHER RAILROAD CROSSING,FUNCTIONING IMPROPERLY,NO DEFECTS
2,01/01/2019 12:00:00 AM,STOP SIGN/FLASHER,UNKNOWN,WORN SURFACE
2,01/01/2022 12:00:00 AM,DELINEATORS,FUNCTIONING PROPERLY,OTHER
1,01/01/2020 12:00:00 AM,POLICE/FLAGMAN,FUNCTIONING PROPERLY,WORN SURFACE
5,01/01/2022 12:00:00 AM,POLICE/FLAGMAN,NO CONTROLS,NO DEFECTS
2,01/01/2023 12:00:00 AM,POLICE/FLAGMAN,UNKNOWN,UNKNOWN
1,01/01/2022 12:00:00 AM,OTHER RAILROAD CROSSING,UNKNOWN,UNKNOWN
45,01/01/2020 12:00:00 AM,OTHER REG. SIGN,OTHER,NO DEFECTS
1,01/01/2019 12:00:00 AM,OTHER,WORN REFLECTIVE MATERIAL,WORN SURFACE
5,01/01/2022 12:00:00 AM,OTHER WARNING SIGN,OTHER,NO DEFECTS
2,01/01/2021 12:00:00 AM,OTHER WARNING SIGN,OTHER,OTHER
1,01/01/2020 12:00:00 AM,FLASHING CONTROL SIGNAL,FUNCTIONING IMPROPERLY,UNKNOWN
4,01/01/2023 12:00:00 AM,PEDESTRIAN CROSSING SIGN,UNKNOWN,UNKNOWN
4,01/01/2021 12:00:00 AM,FLASHING CONTROL SIGNAL,UNKNOWN,NO DEFECTS
4,01/01/2020 12:00:00 AM,RAILROAD CROSSING GATE,UNKNOWN,UNKNOWN
18,01/01/2019 12:00:00 AM,UNKNOWN,OTHER,NO DEFECTS
11,01/01/2023 12:00:00 AM,NO CONTROLS,OTHER,OTHER
2,01/01/2021 12:00:00 AM,NO CONTROLS,NOT FUNCTIONING,"RUT, HOLES"
337,01/01/2021 12:00:00 AM,TRAFFIC SIGNAL,UNKNOWN,NO DEFECTS
1,01/01/2023 12:00:00 AM,UNKNOWN,NO CONTROLS,"RUT, HOLES"
1,01/01/2021 12:00:00 AM,OTHER,WORN REFLECTIVE MATERIAL,WORN SURFACE
28,01/01/2019 12:00:00 AM,STOP SIGN/FLASHER,FUNCTIONING PROPERLY,SHOULDER DEFECT
420,01/01/2021 12:00:00 AM,NO CONTROLS,UNKNOWN,UNKNOWN
1,01/01/2022 12:00:00 AM,TRAFFIC SIGNAL,WORN REFLECTIVE MATERIAL,UNKNOWN
1360,01/01/2023 12:00:00 AM,STOP SIGN/FLASHER,FUNCTIONING PROPERLY,UNKNOWN
4,01/01/2019 12:00:00 AM,OTHER RAILROAD CROSSING,NO CONTROLS,NO DEFECTS
1,01/01/2022 12:00:00 AM,RR CROSSING SIGN,UNKNOWN,NO DEFECTS
1,01/01/2020 12:00:00 AM,UNKNOWN,NO CONTROLS,OTHER
2,01/01/2019 12:00:00 AM,OTHER WARNING SIGN,NO CONTROLS,UNKNOWN
96,01/01/2023 12:00:00 AM,OTHER,NO CONTROLS,NO DEFECTS
4,01/01/2020 12:00:00 AM,OTHER,FUNCTIONING IMPROPERLY,NO DEFECTS
2,01/01/2022 12:00:00 AM,RAILROAD CROSSING GATE,UNKNOWN,NO DEFECTS
74,01/01/2020 12:00:00 AM,TRAFFIC SIGNAL,FUNCTIONING PROPERLY,OTHER
1,01/01/2019 12:00:00 AM,STOP SIGN/FLASHER,MISSING,SHOULDER DEFECT
3,01/01/2021 12:00:00 AM,PEDESTRIAN CROSSING SIGN,FUNCTIONING IMPROPERLY,NO DEFECTS
1,01/01/2021 12:00:00 AM,OTHER,FUNCTIONING PROPERLY,DEBRIS ON ROADWAY
144,01/01/2019 12:00:00 AM,NO CONTROLS,NOT FUNCTIONING,NO DEFECTS
1,01/01/2020 12:00:00 AM,TRAFFIC SIGNAL,NOT FUNCTIONING,"RUT, HOLES"
3,01/01/2019 12:00:00 AM,RAILROAD CROSSING GATE,UNKNOWN,NO DEFECTS
1,01/01/2023 12:00:00 AM,STOP SIGN/FLASHER,UNKNOWN,SHOULDER DEFECT
42,01/01/2023 12:00:00 AM,NO CONTROLS,NO CONTROLS,DEBRIS ON ROADWAY
20,01/01/2021 12:00:00 AM,STOP SIGN/FLASHER,FUNCTIONING PROPERLY,SHOULDER DEFECT
23027,01/01/2021 12:00:00 AM,TRAFFIC SIGNAL,FUNCTIONING PROPERLY,NO DEFECTS
76,01/01/2022 12:00:00 AM,TRAFFIC SIGNAL,NOT FUNCTIONING,NO DEFECTS
1,01/01/2022 12:00:00 AM,OTHER,UNKNOWN,DEBRIS ON ROADWAY
14,01/01/2022 12:00:00 AM,TRAFFIC SIGNAL,NOT FUNCTIONING,UNKNOWN
1,01/01/2021 12:00:00 AM,STOP SIGN/FLASHER,NOT FUNCTIONING,WORN SURFACE
4,01/01/2023 12:00:00 AM,RAILROAD CROSSING GATE,UNKNOWN,UNKNOWN
39,01/01/2019 12:00:00 AM,NO CONTROLS,OTHER,UNKNOWN
1,01/01/2023 12:00:00 AM,OTHER WARNING SIGN,FUNCTIONING PROPERLY,SHOULDER DEFECT
99,01/01/2019 12:00:00 AM,LANE USE MARKING,FUNCTIONING PROPERLY,NO DEFECTS
20,01/01/2019 12:00:00 AM,DELINEATORS,FUNCTIONING PROPERLY,NO DEFECTS
46,01/01/2019 12:00:00 AM,STOP SIGN/FLASHER,OTHER,UNKNOWN
60,01/01/2022 12:00:00 AM,DELINEATORS,FUNCTIONING PROPERLY,NO DEFECTS
1,01/01/2023 12:00:00 AM,FLASHING CONTROL SIGNAL,FUNCTIONING PROPERLY,WORN SURFACE
78,01/01/2020 12:00:00 AM,STOP SIGN/FLASHER,FUNCTIONING IMPROPERLY,NO DEFECTS
2,01/01/2022 12:00:00 AM,OTHER REG. SIGN,OTHER,OTHER
5,01/01/2022 12:00:00 AM,OTHER WARNING SIGN,FUNCTIONING PROPERLY,OTHER
87,01/01/2019 12:00:00 AM,TRAFFIC SIGNAL,FUNCTIONING PROPERLY,WORN SURFACE
1,01/01/2023 12:00:00 AM,OTHER WARNING SIGN,NO CONTROLS,WORN SURFACE
3192,01/01/2019 12:00:00 AM,TRAFFIC SIGNAL,FUNCTIONING PROPERLY,UNKNOWN
4,01/01/2020 12:00:00 AM,FLASHING CONTROL SIGNAL,FUNCTIONING IMPROPERLY,NO DEFECTS
37,01/01/2019 12:00:00 AM,STOP SIGN/FLASHER,NOT FUNCTIONING,NO DEFECTS
5,01/01/2019 12:00:00 AM,RR CROSSING SIGN,FUNCTIONING PROPERLY,NO DEFECTS
256,01/01/2023 12:00:00 AM,STOP SIGN/FLASHER,NO CONTROLS,UNKNOWN
2,01/01/2022 12:00:00 AM,SCHOOL ZONE,FUNCTIONING PROPERLY,UNKNOWN
1,01/01/2022 12:00:00 AM,TRAFFIC SIGNAL,MISSING,NO DEFECTS
1,01/01/2021 12:00:00 AM,DELINEATORS,FUNCTIONING PROPERLY,"RUT, HOLES"
1,01/01/2019 12:00:00 AM,POLICE/FLAGMAN,NOT FUNCTIONING,NO DEFECTS
1,01/01/2019 12:00:00 AM,POLICE/FLAGMAN,WORN REFLECTIVE MATERIAL,OTHER
79,01/01/2023 12:00:00 AM,TRAFFIC SIGNAL,NOT FUNCTIONING,NO DEFECTS
1,01/01/2023 12:00:00 AM,PEDESTRIAN CROSSING SIGN,FUNCTIONING PROPERLY,OTHER
36,01/01/2023 12:00:00 AM,FLASHING CONTROL SIGNAL,FUNCTIONING PROPERLY,NO DEFECTS
1,01/01/2020 12:00:00 AM,STOP SIGN/FLASHER,OTHER,SHOULDER DEFECT
1,01/01/2020 12:00:00 AM,OTHER RAILROAD CROSSING,NO CONTROLS,"RUT, HOLES"
1,01/01/2019 12:00:00 AM,TRAFFIC SIGNAL,FUNCTIONING IMPROPERLY,DEBRIS ON ROADWAY
3,01/01/2021 12:00:00 AM,RAILROAD CROSSING GATE,NO CONTROLS,UNKNOWN
1,01/01/2022 12:00:00 AM,OTHER REG. SIGN,FUNCTIONING PROPERLY,OTHER
1349,01/01/2022 12:00:00 AM,STOP SIGN/FLASHER,FUNCTIONING PROPERLY,UNKNOWN
2,01/01/2019 12:00:00 AM,NO CONTROLS,UNKNOWN,WORN SURFACE
1,01/01/2022 12:00:00 AM,OTHER,FUNCTIONING PROPERLY,"RUT, HOLES"
1,01/01/2019 12:00:00 AM,FLASHING CONTROL SIGNAL,FUNCTIONING PROPERLY,OTHER
24,01/01/2023 12:00:00 AM,TRAFFIC SIGNAL,FUNCTIONING PROPERLY,SHOULDER DEFECT
5,01/01/2019 12:00:00 AM,POLICE/FLAGMAN,WORN REFLECTIVE MATERIAL,NO DEFECTS
63,01/01/2022 12:00:00 AM,TRAFFIC SIGNAL,NO CONTROLS,UNKNOWN
45613,01/01/2023 12:00:00 AM,NO CONTROLS,NO CONTROLS,NO DEFECTS
545,01/01/2019 12:00:00 AM,TRAFFIC SIGNAL,NO CONTROLS,NO DEFECTS
62,01/01/2019 12:00:00 AM,NO CONTROLS,NO CONTROLS,DEBRIS ON ROADWAY
1,01/01/2022 12:00:00 AM,NO CONTROLS,MISSING,OTHER
37,01/01/2020 12:00:00 AM,STOP SIGN/FLASHER,OTHER,UNKNOWN
1,01/01/2020 12:00:00 AM,TRAFFIC SIGNAL,NO CONTROLS,WORN SURFACE
7,01/01/2019 12:00:00 AM,LANE USE MARKING,OTHER,NO DEFECTS
31,01/01/2019 12:00:00 AM,TRAFFIC SIGNAL,OTHER,NO DEFECTS
1,01/01/2019 12:00:00 AM,TRAFFIC SIGNAL,FUNCTIONING IMPROPERLY,OTHER
4,01/01/2022 12:00:00 AM,STOP SIGN/FLASHER,UNKNOWN,OTHER
231,01/01/2019 12:00:00 AM,OTHER,OTHER,NO DEFECTS
6,01/01/2019 12:00:00 AM,LANE USE MARKING,FUNCTIONING PROPERLY,UNKNOWN
1,01/01/2021 12:00:00 AM,NO PASSING,NO CONTROLS,NO DEFECTS
1,01/01/2021 12:00:00 AM,OTHER,OTHER,DEBRIS ON ROADWAY
1,01/01/2022 12:00:00 AM,DELINEATORS,UNKNOWN,NO DEFECTS
3,01/01/2021 12:00:00 AM,RR CROSSING SIGN,UNKNOWN,NO DEFECTS
77,01/01/2021 12:00:00 AM,TRAFFIC SIGNAL,FUNCTIONING PROPERLY,"RUT, HOLES"
1,01/01/2021 12:00:00 AM,FLASHING CONTROL SIGNAL,NO CONTROLS,NO DEFECTS
61,01/01/2021 12:00:00 AM,OTHER,OTHER,UNKNOWN
1,01/01/2020 12:00:00 AM,FLASHING CONTROL SIGNAL,NOT FUNCTIONING,NO DEFECTS
2,01/01/2020 12:00:00 AM,STOP SIGN/FLASHER,NO CONTROLS,OTHER
15,01/01/2021 12:00:00 AM,PEDESTRIAN CROSSING SIGN,NO CONTROLS,NO DEFECTS
42,01/01/2019 12:00:00 AM,NO CONTROLS,FUNCTIONING IMPROPERLY,NO DEFECTS
5,01/01/2020 12:00:00 AM,DELINEATORS,NO CONTROLS,NO DEFECTS
2,01/01/2019 12:00:00 AM,NO CONTROLS,UNKNOWN,SHOULDER DEFECT
1,01/01/2022 12:00:00 AM,OTHER REG. SIGN,WORN REFLECTIVE MATERIAL,WORN SURFACE
126,01/01/2023 12:00:00 AM,OTHER REG. SIGN,FUNCTIONING PROPERLY,NO DEFECTS
114,01/01/2019 12:00:00 AM,STOP SIGN/FLASHER,FUNCTIONING IMPROPERLY,NO DEFECTS
1,01/01/2019 12:00:00 AM,BICYCLE CROSSING SIGN,UNKNOWN,NO DEFECTS
1,01/01/2021 12:00:00 AM,NO CONTROLS,UNKNOWN,SHOULDER DEFECT
41,01/01/2022 12:00:00 AM,NO CONTROLS,FUNCTIONING PROPERLY,UNKNOWN
9,01/01/2022 12:00:00 AM,SCHOOL ZONE,OTHER,NO DEFECTS
2,01/01/2022 12:00:00 AM,OTHER RAILROAD CROSSING,NO CONTROLS,UNKNOWN
3,01/01/2022 12:00:00 AM,OTHER REG. SIGN,UNKNOWN,UNKNOWN
11,01/01/2021 12:00:00 AM,RR CROSSING SIGN,FUNCTIONING PROPERLY,NO DEFECTS
434,01/01/2022 12:00:00 AM,NO CONTROLS,FUNCTIONING PROPERLY,NO DEFECTS
2,01/01/2020 12:00:00 AM,NO CONTROLS,OTHER,WORN SURFACE
19,01/01/2021 12:00:00 AM,UNKNOWN,UNKNOWN,"RUT, HOLES"
13,01/01/2023 12:00:00 AM,SCHOOL ZONE,NO CONTROLS,NO DEFECTS
4,01/01/2021 12:00:00 AM,RAILROAD CROSSING GATE,NO CONTROLS,NO DEFECTS
9,01/01/2023 12:00:00 AM,OTHER REG. SIGN,NO CONTROLS,NO DEFECTS
60,01/01/2020 12:00:00 AM,TRAFFIC SIGNAL,NO CONTROLS,UNKNOWN
1,01/01/2021 12:00:00 AM,OTHER WARNING SIGN,UNKNOWN,"RUT, HOLES"
18,01/01/2023 12:00:00 AM,YIELD,UNKNOWN,UNKNOWN
1,01/01/2020 12:00:00 AM,NO CONTROLS,FUNCTIONING PROPERLY,DEBRIS ON ROADWAY
30,01/01/2023 12:00:00 AM,STOP SIGN/FLASHER,FUNCTIONING PROPERLY,OTHER
463,01/01/2019 12:00:00 AM,NO CONTROLS,UNKNOWN,UNKNOWN
4,01/01/2023 12:00:00 AM,NO PASSING,NO CONTROLS,NO DEFECTS
1,01/01/2019 12:00:00 AM,UNKNOWN,NO CONTROLS,OTHER
3,01/01/2023 12:00:00 AM,PEDESTRIAN CROSSING SIGN,FUNCTIONING IMPROPERLY,NO DEFECTS
1,01/01/2019 12:00:00 AM,DELINEATORS,UNKNOWN,UNKNOWN
1,01/01/2021 12:00:00 AM,YIELD,OTHER,UNKNOWN
2,01/01/2023 12:00:00 AM,TRAFFIC SIGNAL,OTHER,OTHER
44,01/01/2023 12:00:00 AM,OTHER WARNING SIGN,FUNCTIONING PROPERLY,NO DEFECTS
1,01/01/2022 12:00:00 AM,TRAFFIC SIGNAL,FUNCTIONING IMPROPERLY,"RUT, HOLES"
1,01/01/2020 12:00:00 AM,OTHER REG. SIGN,UNKNOWN,NO DEFECTS
90,01/01/2023 12:00:00 AM,TRAFFIC SIGNAL,FUNCTIONING PROPERLY,OTHER
2,01/01/2019 12:00:00 AM,STOP SIGN/FLASHER,WORN REFLECTIVE MATERIAL,WORN SURFACE
1,01/01/2019 12:00:00 AM,NO CONTROLS,NOT FUNCTIONING,WORN SURFACE
2390,01/01/2019 12:00:00 AM,UNKNOWN,UNKNOWN,UNKNOWN
12,01/01/2020 12:00:00 AM,OTHER RAILROAD CROSSING,FUNCTIONING PROPERLY,NO DEFECTS
1,01/01/2023 12:00:00 AM,RAILROAD CROSSING GATE,FUNCTIONING PROPERLY,OTHER
1,01/01/2020 12:00:00 AM,NO CONTROLS,FUNCTIONING IMPROPERLY,UNKNOWN
1,01/01/2022 12:00:00 AM,STOP SIGN/FLASHER,FUNCTIONING IMPROPERLY,OTHER
1,01/01/2022 12:00:00 AM,FLASHING CONTROL SIGNAL,UNKNOWN,UNKNOWN
3,01/01/2021 12:00:00 AM,PEDESTRIAN CROSSING SIGN,NO CONTROLS,UNKNOWN
5,01/01/2021 12:00:00 AM,NO CONTROLS,UNKNOWN,OTHER
1,01/01/2022 12:00:00 AM,UNKNOWN,NOT FUNCTIONING,NO DEFECTS
1,01/01/2023 12:00:00 AM,OTHER WARNING SIGN,OTHER,NO DEFECTS
1,01/01/2023 12:00:00 AM,SCHOOL ZONE,OTHER,NO DEFECTS
3,01/01/2019 12:00:00 AM,OTHER REG. SIGN,FUNCTIONING PROPERLY,"RUT, HOLES"
2,01/01/2023 12:00:00 AM,STOP SIGN/FLASHER,WORN REFLECTIVE MATERIAL,WORN SURFACE
3,01/01/2023 12:00:00 AM,DELINEATORS,FUNCTIONING PROPERLY,OTHER
15,01/01/2021 12:00:00 AM,OTHER RAILROAD CROSSING,FUNCTIONING PROPERLY,NO DEFECTS
2,01/01/2020 12:00:00 AM,TRAFFIC SIGNAL,MISSING,NO DEFECTS
1,01/01/2023 12:00:00 AM,OTHER,FUNCTIONING PROPERLY,SHOULDER DEFECT
41,01/01/2021 12:00:00 AM,RAILROAD CROSSING GATE,FUNCTIONING PROPERLY,NO DEFECTS
1,01/01/2019 12:00:00 AM,POLICE/FLAGMAN,NO CONTROLS,WORN SURFACE
1,01/01/2020 12:00:00 AM,OTHER,WORN REFLECTIVE MATERIAL,WORN SURFACE
6,01/01/2020 12:00:00 AM,POLICE/FLAGMAN,NO CONTROLS,NO DEFECTS
1,01/01/2021 12:00:00 AM,OTHER REG. SIGN,OTHER,UNKNOWN
2,01/01/2019 12:00:00 AM,STOP SIGN/FLASHER,FUNCTIONING IMPROPERLY,"RUT, HOLES"
6641,01/01/2020 12:00:00 AM,STOP SIGN/FLASHER,FUNCTIONING PROPERLY,NO DEFECTS
2,01/01/2019 12:00:00 AM,OTHER RAILROAD CROSSING,OTHER,NO DEFECTS
2,01/01/2021 12:00:00 AM,DELINEATORS,OTHER,NO DEFECTS
1,01/01/2023 12:00:00 AM,OTHER REG. SIGN,NO CONTROLS,UNKNOWN
11,01/01/2020 12:00:00 AM,OTHER,OTHER,OTHER
1,01/01/2019 12:00:00 AM,UNKNOWN,NO CONTROLS,SHOULDER DEFECT
1,01/01/2019 12:00:00 AM,OTHER,NO CONTROLS,SHOULDER DEFECT
966,01/01/2020 12:00:00 AM,TRAFFIC SIGNAL,UNKNOWN,UNKNOWN
3,01/01/2020 12:00:00 AM,STOP SIGN/FLASHER,MISSING,NO DEFECTS
1,01/01/2019 12:00:00 AM,STOP SIGN/FLASHER,OTHER,WORN SURFACE
17,01/01/2022 12:00:00 AM,NO CONTROLS,FUNCTIONING IMPROPERLY,NO DEFECTS
1,01/01/2022 12:00:00 AM,STOP SIGN/FLASHER,UNKNOWN,WORN SURFACE
2,01/01/2023 12:00:00 AM,BICYCLE CROSSING SIGN,FUNCTIONING PROPERLY,UNKNOWN
29,01/01/2022 12:00:00 AM,TRAFFIC SIGNAL,FUNCTIONING PROPERLY,SHOULDER DEFECT
4,01/01/2022 12:00:00 AM,SCHOOL ZONE,UNKNOWN,NO DEFECTS
16,01/01/2021 12:00:00 AM,OTHER,FUNCTIONING PROPERLY,UNKNOWN
4,01/01/2023 12:00:00 AM,NO CONTROLS,MISSING,NO DEFECTS
333,01/01/2020 12:00:00 AM,NO CONTROLS,NO CONTROLS,"RUT, HOLES"
10,01/01/2023 12:00:00 AM,PEDESTRIAN CROSSING SIGN,FUNCTIONING PROPERLY,UNKNOWN
1,01/01/2022 12:00:00 AM,NO PASSING,UNKNOWN,UNKNOWN
1,01/01/2021 12:00:00 AM,OTHER RAILROAD CROSSING,OTHER,UNKNOWN
4,01/01/2020 12:00:00 AM,NO PASSING,FUNCTIONING PROPERLY,NO DEFECTS
6,01/01/2019 12:00:00 AM,YIELD,FUNCTIONING IMPROPERLY,NO DEFECTS
1,01/01/2023 12:00:00 AM,NO CONTROLS,FUNCTIONING PROPERLY,DEBRIS ON ROADWAY
216,01/01/2022 12:00:00 AM,STOP SIGN/FLASHER,NO CONTROLS,UNKNOWN
14,01/01/2021 12:00:00 AM,UNKNOWN,OTHER,UNKNOWN
1,01/01/2023 12:00:00 AM,YIELD,NO CONTROLS,OTHER
116,01/01/2022 12:00:00 AM,UNKNOWN,NO CONTROLS,NO DEFECTS
6,01/01/2022 12:00:00 AM,NO CONTROLS,UNKNOWN,"RUT, HOLES"
6791,01/01/2022 12:00:00 AM,STOP SIGN/FLASHER,FUNCTIONING PROPERLY,NO DEFECTS
1,01/01/2020 12:00:00 AM,UNKNOWN,UNKNOWN,WORN SURFACE
14,01/01/2020 12:00:00 AM,STOP SIGN/FLASHER,FUNCTIONING PROPERLY,"RUT, HOLES"
7,01/01/2021 12:00:00 AM,YIELD,UNKNOWN,UNKNOWN
1,01/01/2019 12:00:00 AM,OTHER WARNING SIGN,OTHER,UNKNOWN
11,01/01/2022 12:00:00 AM,PEDESTRIAN CROSSING SIGN,FUNCTIONING PROPERLY,UNKNOWN
8,01/01/2019 12:00:00 AM,RR CROSSING SIGN,UNKNOWN,UNKNOWN
394,01/01/2019 12:00:00 AM,TRAFFIC SIGNAL,UNKNOWN,NO DEFECTS
426,01/01/2023 12:00:00 AM,NO CONTROLS,FUNCTIONING PROPERLY,NO DEFECTS
2,01/01/2021 12:00:00 AM,SCHOOL ZONE,FUNCTIONING PROPERLY,WORN SURFACE
3,01/01/2023 12:00:00 AM,STOP SIGN/FLASHER,OTHER,WORN SURFACE
2,01/01/2022 12:00:00 AM,YIELD,OTHER,UNKNOWN
495,01/01/2023 12:00:00 AM,TRAFFIC SIGNAL,UNKNOWN,NO DEFECTS
4,01/01/2021 12:00:00 AM,NO CONTROLS,FUNCTIONING IMPROPERLY,UNKNOWN
4,01/01/2020 12:00:00 AM,RR CROSSING SIGN,NO CONTROLS,NO DEFECTS
1,01/01/2019 12:00:00 AM,OTHER WARNING SIGN,FUNCTIONING IMPROPERLY,OTHER
1,01/01/2019 12:00:00 AM,OTHER RAILROAD CROSSING,FUNCTIONING IMPROPERLY,NO DEFECTS
1,01/01/2019 12:00:00 AM,BICYCLE CROSSING SIGN,FUNCTIONING PROPERLY,UNKNOWN
4,01/01/2022 12:00:00 AM,RAILROAD CROSSING GATE,NO CONTROLS,NO DEFECTS
39,01/01/2022 12:00:00 AM,NO CONTROLS,NO CONTROLS,DEBRIS ON ROADWAY
8126,01/01/2019 12:00:00 AM,STOP SIGN/FLASHER,FUNCTIONING PROPERLY,NO DEFECTS
2,01/01/2021 12:00:00 AM,UNKNOWN,NO CONTROLS,WORN SURFACE
3,01/01/2023 12:00:00 AM,TRAFFIC SIGNAL,NO CONTROLS,OTHER
2,01/01/2020 12:00:00 AM,FLASHING CONTROL SIGNAL,NO CONTROLS,NO DEFECTS
12,01/01/2020 12:00:00 AM,OTHER,UNKNOWN,UNKNOWN
4,01/01/2023 12:00:00 AM,NO PASSING,FUNCTIONING PROPERLY,NO DEFECTS
3,01/01/2019 12:00:00 AM,NO CONTROLS,FUNCTIONING IMPROPERLY,UNKNOWN
43244,01/01/2020 12:00:00 AM,NO CONTROLS,NO CONTROLS,NO DEFECTS
1,01/01/2019 12:00:00 AM,STOP SIGN/FLASHER,WORN REFLECTIVE MATERIAL,UNKNOWN
6,01/01/2020 12:00:00 AM,FLASHING CONTROL SIGNAL,UNKNOWN,UNKNOWN
1,01/01/2020 12:00:00 AM,OTHER WARNING SIGN,UNKNOWN,UNKNOWN
3,01/01/2023 12:00:00 AM,OTHER RAILROAD CROSSING,NO CONTROLS,UNKNOWN
1,01/01/2019 12:00:00 AM,OTHER,FUNCTIONING PROPERLY,DEBRIS ON ROADWAY
7,01/01/2022 12:00:00 AM,OTHER REG. SIGN,NO CONTROLS,NO DEFECTS
24,01/01/2021 12:00:00 AM,TRAFFIC SIGNAL,OTHER,NO DEFECTS
1,01/01/2023 12:00:00 AM,NO CONTROLS,MISSING,SHOULDER DEFECT
1,01/01/2020 12:00:00 AM,PEDESTRIAN CROSSING SIGN,FUNCTIONING IMPROPERLY,NO DEFECTS
1,01/01/2023 12:00:00 AM,OTHER RAILROAD CROSSING,UNKNOWN,UNKNOWN
3,01/01/2023 12:00:00 AM,OTHER WARNING SIGN,NO CONTROLS,UNKNOWN
1,01/01/2023 12:00:00 AM,FLASHING CONTROL SIGNAL,FUNCTIONING PROPERLY,OTHER
7,01/01/2020 12:00:00 AM,TRAFFIC SIGNAL,UNKNOWN,OTHER
12,01/01/2019 12:00:00 AM,TRAFFIC SIGNAL,NOT FUNCTIONING,UNKNOWN
25,01/01/2023 12:00:00 AM,NO CONTROLS,FUNCTIONING IMPROPERLY,NO DEFECTS
10,01/01/2022 12:00:00 AM,YIELD,UNKNOWN,NO DEFECTS
29,01/01/2023 12:00:00 AM,STOP SIGN/FLASHER,NOT FUNCTIONING,NO DEFECTS
6,01/01/2022 12:00:00 AM,PEDESTRIAN CROSSING SIGN,OTHER,NO DEFECTS
1,01/01/2023 12:00:00 AM,OTHER,FUNCTIONING IMPROPERLY,UNKNOWN
1,01/01/2021 12:00:00 AM,YIELD,FUNCTIONING PROPERLY,SHOULDER DEFECT
40,01/01/2022 12:00:00 AM,OTHER,UNKNOWN,UNKNOWN
2,01/01/2020 12:00:00 AM,PEDESTRIAN CROSSING SIGN,UNKNOWN,NO DEFECTS
443,01/01/2023 12:00:00 AM,NO CONTROLS,UNKNOWN,NO DEFECTS
7,01/01/2023 12:00:00 AM,FLASHING CONTROL SIGNAL,UNKNOWN,UNKNOWN
22,01/01/2022 12:00:00 AM,OTHER REG. SIGN,OTHER,NO DEFECTS
1,01/01/2023 12:00:00 AM,OTHER,NOT FUNCTIONING,UNKNOWN
1,01/01/2023 12:00:00 AM,NO PASSING,UNKNOWN,UNKNOWN
77,01/01/2023 12:00:00 AM,OTHER,UNKNOWN,UNKNOWN
13,01/01/2020 12:00:00 AM,POLICE/FLAGMAN,FUNCTIONING PROPERLY,NO DEFECTS
1,01/01/2022 12:00:00 AM,OTHER WARNING SIGN,FUNCTIONING PROPERLY,"RUT, HOLES"
35,01/01/2021 12:00:00 AM,STOP SIGN/FLASHER,FUNCTIONING PROPERLY,OTHER
995,01/01/2022 12:00:00 AM,UNKNOWN,UNKNOWN,NO DEFECTS
3,01/01/2019 12:00:00 AM,NO CONTROLS,WORN REFLECTIVE MATERIAL,NO DEFECTS
20,01/01/2023 12:00:00 AM,TRAFFIC SIGNAL,OTHER,UNKNOWN
1,01/01/2020 12:00:00 AM,OTHER REG. SIGN,OTHER,UNKNOWN
3,01/01/2021 12:00:00 AM,NO CONTROLS,NOT FUNCTIONING,SHOULDER DEFECT
12,01/01/2020 12:00:00 AM,TRAFFIC SIGNAL,WORN REFLECTIVE MATERIAL,NO DEFECTS
1,01/01/2021 12:00:00 AM,OTHER,UNKNOWN,"RUT, HOLES"
36,01/01/2023 12:00:00 AM,UNKNOWN,FUNCTIONING PROPERLY,UNKNOWN
64,01/01/2022 12:00:00 AM,STOP SIGN/FLASHER,OTHER,UNKNOWN
1,01/01/2020 12:00:00 AM,SCHOOL ZONE,NO CONTROLS,UNKNOWN
4,01/01/2023 12:00:00 AM,RAILROAD CROSSING GATE,UNKNOWN,NO DEFECTS
4,01/01/2021 12:00:00 AM,NO CONTROLS,UNKNOWN,"RUT, HOLES"
2,01/01/2022 12:00:00 AM,TRAFFIC SIGNAL,UNKNOWN,"RUT, HOLES"
7,01/01/2021 12:00:00 AM,PEDESTRIAN CROSSING SIGN,FUNCTIONING PROPERLY,UNKNOWN
11,01/01/2020 12:00:00 AM,TRAFFIC SIGNAL,FUNCTIONING PROPERLY,DEBRIS ON ROADWAY
68,01/01/2021 12:00:00 AM,UNKNOWN,FUNCTIONING PROPERLY,NO DEFECTS
1,01/01/2020 12:00:00 AM,RAILROAD CROSSING GATE,NOT FUNCTIONING,NO DEFECTS
29,01/01/2022 12:00:00 AM,OTHER,NO CONTROLS,UNKNOWN
4621,01/01/2023 12:00:00 AM,TRAFFIC SIGNAL,FUNCTIONING PROPERLY,UNKNOWN
4,01/01/2019 12:00:00 AM,OTHER WARNING SIGN,FUNCTIONING PROPERLY,UNKNOWN
4,01/01/2023 12:00:00 AM,STOP SIGN/FLASHER,NO CONTROLS,WORN SURFACE
3773,01/01/2022 12:00:00 AM,UNKNOWN,UNKNOWN,UNKNOWN
3,01/01/2019 12:00:00 AM,TRAFFIC SIGNAL,FUNCTIONING IMPROPERLY,"RUT, HOLES"
76,01/01/2021 12:00:00 AM,OTHER WARNING SIGN,FUNCTIONING PROPERLY,NO DEFECTS
1,01/01/2023 12:00:00 AM,OTHER,NO CONTROLS,WORN SURFACE
3,01/01/2019 12:00:00 AM,STOP SIGN/FLASHER,NO CONTROLS,WORN SURFACE
1,01/01/2023 12:00:00 AM,OTHER,UNKNOWN,"RUT, HOLES"
1,01/01/2020 12:00:00 AM,OTHER,FUNCTIONING PROPERLY,SHOULDER DEFECT
7,01/01/2021 12:00:00 AM,YIELD,UNKNOWN,NO DEFECTS
57,01/01/2020 12:00:00 AM,OTHER WARNING SIGN,FUNCTIONING PROPERLY,NO DEFECTS
2,01/01/2023 12:00:00 AM,NO CONTROLS,OTHER,"RUT, HOLES"
1,01/01/2019 12:00:00 AM,LANE USE MARKING,FUNCTIONING PROPERLY,SHOULDER DEFECT
7,01/01/2021 12:00:00 AM,STOP SIGN/FLASHER,NO CONTROLS,WORN SURFACE
49,01/01/2021 12:00:00 AM,NO CONTROLS,FUNCTIONING PROPERLY,UNKNOWN
3,01/01/2019 12:00:00 AM,POLICE/FLAGMAN,FUNCTIONING PROPERLY,UNKNOWN
1,01/01/2019 12:00:00 AM,DELINEATORS,FUNCTIONING PROPERLY,UNKNOWN
8,01/01/2023 12:00:00 AM,STOP SIGN/FLASHER,FUNCTIONING IMPROPERLY,UNKNOWN
1,01/01/2019 12:00:00 AM,NO CONTROLS,MISSING,SHOULDER DEFECT
53,01/01/2021 12:00:00 AM,OTHER REG. SIGN,FUNCTIONING PROPERLY,NO DEFECTS
5,01/01/2022 12:00:00 AM,STOP SIGN/FLASHER,NO CONTROLS,OTHER
3,01/01/2021 12:00:00 AM,NO PASSING,FUNCTIONING PROPERLY,NO DEFECTS
6,01/01/2019 12:00:00 AM,OTHER,FUNCTIONING IMPROPERLY,NO DEFECTS
2,01/01/2023 12:00:00 AM,SCHOOL ZONE,FUNCTIONING PROPERLY,UNKNOWN
1,01/01/2022 12:00:00 AM,FLASHING CONTROL SIGNAL,OTHER,UNKNOWN
6,01/01/2023 12:00:00 AM,TRAFFIC SIGNAL,UNKNOWN,WORN SURFACE
3,01/01/2021 12:00:00 AM,OTHER REG. SIGN,FUNCTIONING PROPERLY,UNKNOWN
1,01/01/2022 12:00:00 AM,DELINEATORS,FUNCTIONING PROPERLY,"RUT, HOLES"
2,01/01/2023 12:00:00 AM,TRAFFIC SIGNAL,FUNCTIONING IMPROPERLY,OTHER
4,01/01/2021 12:00:00 AM,OTHER REG. SIGN,FUNCTIONING PROPERLY,OTHER
223,01/01/2020 12:00:00 AM,TRAFFIC SIGNAL,FUNCTIONING IMPROPERLY,NO DEFECTS
64,01/01/2021 12:00:00 AM,UNKNOWN,NO CONTROLS,UNKNOWN
1,01/01/2021 12:00:00 AM,OTHER WARNING SIGN,NO CONTROLS,WORN SURFACE
337,01/01/2023 12:00:00 AM,NO CONTROLS,NO CONTROLS,"RUT, HOLES"
1,01/01/2020 12:00:00 AM,OTHER WARNING SIGN,NO CONTROLS,UNKNOWN
1,01/01/2023 12:00:00 AM,RR CROSSING SIGN,NO CONTROLS,UNKNOWN
13,01/01/2022 12:00:00 AM,NO CONTROLS,NOT FUNCTIONING,UNKNOWN
56,01/01/2019 12:00:00 AM,NO CONTROLS,FUNCTIONING PROPERLY,UNKNOWN
167,01/01/2020 12:00:00 AM,STOP SIGN/FLASHER,UNKNOWN,NO DEFECTS
2,01/01/2021 12:00:00 AM,OTHER WARNING SIGN,UNKNOWN,NO DEFECTS
214,01/01/2021 12:00:00 AM,TRAFFIC SIGNAL,FUNCTIONING IMPROPERLY,NO DEFECTS
1,01/01/2021 12:00:00 AM,STOP SIGN/FLASHER,FUNCTIONING IMPROPERLY,"RUT, HOLES"
1,01/01/2021 12:00:00 AM,FLASHING CONTROL SIGNAL,NO CONTROLS,SHOULDER DEFECT
62,01/01/2020 12:00:00 AM,TRAFFIC SIGNAL,FUNCTIONING PROPERLY,"RUT, HOLES"
9,01/01/2023 12:00:00 AM,POLICE/FLAGMAN,FUNCTIONING PROPERLY,NO DEFECTS
13,01/01/2020 12:00:00 AM,YIELD,UNKNOWN,NO DEFECTS
17,01/01/2019 12:00:00 AM,OTHER REG. SIGN,NO CONTROLS,NO DEFECTS
3,01/01/2020 12:00:00 AM,NO CONTROLS,FUNCTIONING PROPERLY,SHOULDER DEFECT
11,01/01/2022 12:00:00 AM,TRAFFIC SIGNAL,UNKNOWN,OTHER
20,01/01/2021 12:00:00 AM,UNKNOWN,UNKNOWN,OTHER
2,01/01/2022 12:00:00 AM,OTHER,FUNCTIONING PROPERLY,DEBRIS ON ROADWAY
4,01/01/2019 12:00:00 AM,DELINEATORS,OTHER,NO DEFECTS
12,01/01/2019 12:00:00 AM,UNKNOWN,OTHER,UNKNOWN
12,01/01/2022 12:00:00 AM,YIELD,OTHER,NO DEFECTS
1,01/01/2023 12:00:00 AM,STOP SIGN/FLASHER,NOT FUNCTIONING,"RUT, HOLES"
6767,01/01/2023 12:00:00 AM,STOP SIGN/FLASHER,FUNCTIONING PROPERLY,NO DEFECTS
2,01/01/2019 12:00:00 AM,FLASHING CONTROL SIGNAL,UNKNOWN,UNKNOWN
2,01/01/2021 12:00:00 AM,OTHER REG. SIGN,NO CONTROLS,UNKNOWN
136,01/01/2019 12:00:00 AM,UNKNOWN,NO CONTROLS,NO DEFECTS
1,01/01/2023 12:00:00 AM,FLASHING CONTROL SIGNAL,NO CONTROLS,NO DEFECTS
2,01/01/2023 12:00:00 AM,TRAFFIC SIGNAL,UNKNOWN,DEBRIS ON ROADWAY
24,01/01/2019 12:00:00 AM,OTHER,OTHER,OTHER
46,01/01/2023 12:00:00 AM,RAILROAD CROSSING GATE,FUNCTIONING PROPERLY,NO DEFECTS
43,01/01/2021 12:00:00 AM,NO CONTROLS,NO CONTROLS,DEBRIS ON ROADWAY
10,01/01/2021 12:00:00 AM,SCHOOL ZONE,NO CONTROLS,NO DEFECTS
2,01/01/2021 12:00:00 AM,SCHOOL ZONE,UNKNOWN,NO DEFECTS
2,01/01/2019 12:00:00 AM,UNKNOWN,OTHER,OTHER
12,01/01/2021 12:00:00 AM,TRAFFIC SIGNAL,OTHER,UNKNOWN
1,01/01/2019 12:00:00 AM,LANE USE MARKING,OTHER,"RUT, HOLES"
2,01/01/2022 12:00:00 AM,OTHER,UNKNOWN,OTHER
32,01/01/2021 12:00:00 AM,STOP SIGN/FLASHER,NOT FUNCTIONING,NO DEFECTS
1,01/01/2023 12:00:00 AM,NO CONTROLS,NOT FUNCTIONING,OTHER
1,01/01/2019 12:00:00 AM,OTHER,NO CONTROLS,"RUT, HOLES"
1,01/01/2019 12:00:00 AM,FLASHING CONTROL SIGNAL,FUNCTIONING IMPROPERLY,NO DEFECTS
5,01/01/2023 12:00:00 AM,FLASHING CONTROL SIGNAL,UNKNOWN,NO DEFECTS
1,01/01/2021 12:00:00 AM,RR CROSSING SIGN,NO CONTROLS,NO DEFECTS
105,01/01/2021 12:00:00 AM,OTHER,NO CONTROLS,NO DEFECTS
1,01/01/2019 12:00:00 AM,OTHER WARNING SIGN,MISSING,"RUT, HOLES"
1,01/01/2019 12:00:00 AM,LANE USE MARKING,UNKNOWN,NO DEFECTS
34,01/01/2022 12:00:00 AM,OTHER WARNING SIGN,FUNCTIONING PROPERLY,NO DEFECTS
1,01/01/2021 12:00:00 AM,YIELD,NOT FUNCTIONING,SHOULDER DEFECT
124,01/01/2019 12:00:00 AM,OTHER,NO CONTROLS,NO DEFECTS
19,01/01/2019 12:00:00 AM,SCHOOL ZONE,NO CONTROLS,NO DEFECTS
3,01/01/2020 12:00:00 AM,OTHER,OTHER,"RUT, HOLES"
1,01/01/2023 12:00:00 AM,POLICE/FLAGMAN,UNKNOWN,NO DEFECTS
1,01/01/2019 12:00:00 AM,STOP SIGN/FLASHER,FUNCTIONING IMPROPERLY,OTHER
1,01/01/2021 12:00:00 AM,POLICE/FLAGMAN,OTHER,NO DEFECTS
1,01/01/2021 12:00:00 AM,UNKNOWN,MISSING,UNKNOWN
2,01/01/2020 12:00:00 AM,TRAFFIC SIGNAL,FUNCTIONING IMPROPERLY,SHOULDER DEFECT
5,01/01/2019 12:00:00 AM,UNKNOWN,UNKNOWN,SHOULDER DEFECT
4,01/01/2021 12:00:00 AM,UNKNOWN,OTHER,OTHER
1,01/01/2019 12:00:00 AM,YIELD,OTHER,UNKNOWN
5,01/01/2020 12:00:00 AM,DELINEATORS,NO CONTROLS,UNKNOWN
1,01/01/2019 12:00:00 AM,NO CONTROLS,NOT FUNCTIONING,OTHER
1,01/01/2022 12:00:00 AM,SCHOOL ZONE,UNKNOWN,WORN SURFACE
21,01/01/2022 12:00:00 AM,STOP SIGN/FLASHER,FUNCTIONING PROPERLY,OTHER
1,01/01/2021 12:00:00 AM,UNKNOWN,UNKNOWN,WORN SURFACE
1,01/01/2021 12:00:00 AM,OTHER WARNING SIGN,UNKNOWN,UNKNOWN
1,01/01/2020 12:00:00 AM,TRAFFIC SIGNAL,UNKNOWN,"RUT, HOLES"
4,01/01/2022 12:00:00 AM,STOP SIGN/FLASHER,WORN REFLECTIVE MATERIAL,NO DEFECTS
123,01/01/2019 12:00:00 AM,NO CONTROLS,OTHER,NO DEFECTS
123,01/01/2022 12:00:00 AM,OTHER,NO CONTROLS,NO DEFECTS
1,01/01/2021 12:00:00 AM,YIELD,FUNCTIONING IMPROPERLY,NO DEFECTS
4,01/01/2021 12:00:00 AM,STOP SIGN/FLASHER,MISSING,UNKNOWN
3,01/01/2022 12:00:00 AM,FLASHING CONTROL SIGNAL,OTHER,NO DEFECTS
47,01/01/2022 12:00:00 AM,RAILROAD CROSSING GATE,FUNCTIONING PROPERLY,NO DEFECTS
1,01/01/2019 12:00:00 AM,POLICE/FLAGMAN,OTHER,OTHER
3,01/01/2020 12:00:00 AM,STOP SIGN/FLASHER,NO CONTROLS,SHOULDER DEFECT
2,01/01/2019 12:00:00 AM,FLASHING CONTROL SIGNAL,UNKNOWN,NO DEFECTS
2,01/01/2020 12:00:00 AM,UNKNOWN,FUNCTIONING PROPERLY,OTHER
4,01/01/2019 12:00:00 AM,TRAFFIC SIGNAL,MISSING,NO DEFECTS
325,01/01/2022 12:00:00 AM,NO CONTROLS,NO CONTROLS,OTHER
1,01/01/2019 12:00:00 AM,STOP SIGN/FLASHER,UNKNOWN,SHOULDER DEFECT
2,01/01/2019 12:00:00 AM,RAILROAD CROSSING GATE,FUNCTIONING IMPROPERLY,NO DEFECTS
2,01/01/2019 12:00:00 AM,BICYCLE CROSSING SIGN,UNKNOWN,UNKNOWN
4,01/01/2023 12:00:00 AM,OTHER WARNING SIGN,FUNCTIONING PROPERLY,UNKNOWN
16,01/01/2023 12:00:00 AM,TRAFFIC SIGNAL,NOT FUNCTIONING,UNKNOWN
1,01/01/2021 12:00:00 AM,NO CONTROLS,MISSING,NO DEFECTS
1,01/01/2022 12:00:00 AM,OTHER WARNING SIGN,NO CONTROLS,OTHER
1,01/01/2023 12:00:00 AM,YIELD,UNKNOWN,OTHER
13,01/01/2023 12:00:00 AM,OTHER,OTHER,OTHER
485,01/01/2021 12:00:00 AM,TRAFFIC SIGNAL,NO CONTROLS,NO DEFECTS
2,01/01/2023 12:00:00 AM,PEDESTRIAN CROSSING SIGN,OTHER,NO DEFECTS
4,01/01/2020 12:00:00 AM,NO CONTROLS,FUNCTIONING PROPERLY,"RUT, HOLES"
5,01/01/2022 12:00:00 AM,YIELD,NO CONTROLS,UNKNOWN
1,01/01/2021 12:00:00 AM,RAILROAD CROSSING GATE,OTHER,UNKNOWN
1,01/01/2019 12:00:00 AM,UNKNOWN,FUNCTIONING PROPERLY,"RUT, HOLES"
25,01/01/2022 12:00:00 AM,UNKNOWN,UNKNOWN,"RUT, HOLES"
3,01/01/2023 12:00:00 AM,OTHER REG. SIGN,UNKNOWN,NO DEFECTS
64,01/01/2023 12:00:00 AM,TRAFFIC SIGNAL,NO CONTROLS,UNKNOWN
1,01/01/2020 12:00:00 AM,NO CONTROLS,WORN REFLECTIVE MATERIAL,WORN SURFACE
1,01/01/2021 12:00:00 AM,PEDESTRIAN CROSSING SIGN,UNKNOWN,UNKNOWN
16,01/01/2020 12:00:00 AM,STOP SIGN/FLASHER,FUNCTIONING PROPERLY,SHOULDER DEFECT
2,01/01/2022 12:00:00 AM,TRAFFIC SIGNAL,NO CONTROLS,OTHER
1,01/01/2021 12:00:00 AM,DELINEATORS,FUNCTIONING PROPERLY,UNKNOWN
41,01/01/2021 12:00:00 AM,FLASHING CONTROL SIGNAL,FUNCTIONING PROPERLY,NO DEFECTS
5,01/01/2022 12:00:00 AM,NO CONTROLS,OTHER,OTHER
4,01/01/2023 12:00:00 AM,STOP SIGN/FLASHER,OTHER,OTHER
3,01/01/2019 12:00:00 AM,NO PASSING,FUNCTIONING PROPERLY,NO DEFECTS
1,01/01/2019 12:00:00 AM,OTHER,NO CONTROLS,DEBRIS ON ROADWAY
98,01/01/2021 12:00:00 AM,NO CONTROLS,OTHER,NO DEFECTS
26,01/01/2020 12:00:00 AM,NO CONTROLS,OTHER,UNKNOWN
16,01/01/2023 12:00:00 AM,UNKNOWN,OTHER,NO DEFECTS
3,01/01/2023 12:00:00 AM,OTHER REG. SIGN,FUNCTIONING PROPERLY,OTHER
2,01/01/2021 12:00:00 AM,OTHER,FUNCTIONING PROPERLY,WORN SURFACE
1,01/01/2023 12:00:00 AM,NO CONTROLS,NOT FUNCTIONING,SHOULDER DEFECT
295,01/01/2023 12:00:00 AM,NO CONTROLS,NO CONTROLS,OTHER
1,01/01/2022 12:00:00 AM,OTHER WARNING SIGN,UNKNOWN,OTHER
2,01/01/2019 12:00:00 AM,OTHER WARNING SIGN,NO CONTROLS,OTHER
1,01/01/2020 12:00:00 AM,RAILROAD CROSSING GATE,FUNCTIONING IMPROPERLY,NO DEFECTS
115,01/01/2020 12:00:00 AM,UNKNOWN,NO CONTROLS,NO DEFECTS
1,01/01/2023 12:00:00 AM,OTHER,OTHER,"RUT, HOLES"
8,01/01/2020 12:00:00 AM,YIELD,UNKNOWN,UNKNOWN
3,01/01/2023 12:00:00 AM,YIELD,OTHER,UNKNOWN
3,01/01/2023 12:00:00 AM,NO CONTROLS,UNKNOWN,SHOULDER DEFECT
1,01/01/2022 12:00:00 AM,TRAFFIC SIGNAL,NOT FUNCTIONING,"RUT, HOLES"
1,01/01/2021 12:00:00 AM,BICYCLE CROSSING SIGN,NOT FUNCTIONING,NO DEFECTS
81,01/01/2019 12:00:00 AM,YIELD,FUNCTIONING PROPERLY,NO DEFECTS
14,01/01/2023 12:00:00 AM,TRAFFIC SIGNAL,FUNCTIONING PROPERLY,DEBRIS ON ROADWAY
2,01/01/2023 12:00:00 AM,OTHER,FUNCTIONING PROPERLY,OTHER
53,01/01/2020 12:00:00 AM,UNKNOWN,NO CONTROLS,UNKNOWN
2,01/01/2022 12:00:00 AM,DELINEATORS,NO CONTROLS,NO DEFECTS
1,01/01/2023 12:00:00 AM,FLASHING CONTROL SIGNAL,FUNCTIONING IMPROPERLY,UNKNOWN
3,01/01/2023 12:00:00 AM,POLICE/FLAGMAN,WORN REFLECTIVE MATERIAL,NO DEFECTS
1281,01/01/2021 12:00:00 AM,TRAFFIC SIGNAL,UNKNOWN,UNKNOWN
1,01/01/2023 12:00:00 AM,STOP SIGN/FLASHER,WORN REFLECTIVE MATERIAL,NO DEFECTS
15,01/01/2020 12:00:00 AM,TRAFFIC SIGNAL,NOT FUNCTIONING,UNKNOWN
32,01/01/2021 12:00:00 AM,STOP SIGN/FLASHER,FUNCTIONING PROPERLY,WORN SURFACE
2,01/01/2023 12:00:00 AM,FLASHING CONTROL SIGNAL,NOT FUNCTIONING,NO DEFECTS
1,01/01/2023 12:00:00 AM,RR CROSSING SIGN,FUNCTIONING PROPERLY,UNKNOWN
7,01/01/2020 12:00:00 AM,SCHOOL ZONE,NO CONTROLS,NO DEFECTS
2,01/01/2020 12:00:00 AM,OTHER REG. SIGN,NO CONTROLS,NO DEFECTS
102,01/01/2021 12:00:00 AM,TRAFFIC SIGNAL,FUNCTIONING PROPERLY,OTHER
5,01/01/2019 12:00:00 AM,UNKNOWN,NOT FUNCTIONING,NO DEFECTS
3,01/01/2019 12:00:00 AM,OTHER,FUNCTIONING PROPERLY,"RUT, HOLES"
1,01/01/2023 12:00:00 AM,STOP SIGN/FLASHER,UNKNOWN,"RUT, HOLES"
1,01/01/2020 12:00:00 AM,OTHER,NO CONTROLS,"RUT, HOLES"
1,01/01/2021 12:00:00 AM,POLICE/FLAGMAN,FUNCTIONING PROPERLY,OTHER
2,01/01/2022 12:00:00 AM,STOP SIGN/FLASHER,NOT FUNCTIONING,OTHER
5,01/01/2021 12:00:00 AM,YIELD,OTHER,NO DEFECTS
22444,01/01/2022 12:00:00 AM,TRAFFIC SIGNAL,FUNCTIONING PROPERLY,NO DEFECTS
1,01/01/2020 12:00:00 AM,OTHER RAILROAD CROSSING,UNKNOWN,UNKNOWN
248,01/01/2020 12:00:00 AM,NO CONTROLS,NO CONTROLS,OTHER
1,01/01/2022 12:00:00 AM,FLASHING CONTROL SIGNAL,NOT FUNCTIONING,NO DEFECTS
9,01/01/2019 12:00:00 AM,TRAFFIC SIGNAL,WORN REFLECTIVE MATERIAL,NO DEFECTS
3,01/01/2021 12:00:00 AM,STOP SIGN/FLASHER,NOT FUNCTIONING,UNKNOWN
2,01/01/2021 12:00:00 AM,UNKNOWN,NO CONTROLS,"RUT, HOLES"
2,01/01/2022 12:00:00 AM,STOP SIGN/FLASHER,NO CONTROLS,WORN SURFACE
1,01/01/2021 12:00:00 AM,UNKNOWN,NO CONTROLS,SHOULDER DEFECT
2,01/01/2023 12:00:00 AM,OTHER WARNING SIGN,OTHER,UNKNOWN
1,01/01/2019 12:00:00 AM,OTHER WARNING SIGN,OTHER,"RUT, HOLES"
1,01/01/2020 12:00:00 AM,FLASHING CONTROL SIGNAL,FUNCTIONING PROPERLY,"RUT, HOLES"
1,01/01/2020 12:00:00 AM,OTHER WARNING SIGN,OTHER,OTHER
1,01/01/2021 12:00:00 AM,YIELD,NO CONTROLS,"RUT, HOLES"
1,01/01/2020 12:00:00 AM,OTHER,NO CONTROLS,DEBRIS ON ROADWAY
2,01/01/2020 12:00:00 AM,YIELD,OTHER,UNKNOWN
1,01/01/2023 12:00:00 AM,POLICE/FLAGMAN,FUNCTIONING IMPROPERLY,NO DEFECTS
1,01/01/2023 12:00:00 AM,UNKNOWN,OTHER,WORN SURFACE
34,01/01/2022 12:00:00 AM,FLASHING CONTROL SIGNAL,FUNCTIONING PROPERLY,NO DEFECTS
3,01/01/2022 12:00:00 AM,NO CONTROLS,FUNCTIONING PROPERLY,OTHER
3,01/01/2021 12:00:00 AM,OTHER,NO CONTROLS,OTHER
2,01/01/2022 12:00:00 AM,UNKNOWN,FUNCTIONING IMPROPERLY,NO DEFECTS
1,01/01/2022 12:00:00 AM,YIELD,NOT FUNCTIONING,NO DEFECTS
23,01/01/2019 12:00:00 AM,OTHER,UNKNOWN,UNKNOWN
1,01/01/2022 12:00:00 AM,POLICE/FLAGMAN,WORN REFLECTIVE MATERIAL,OTHER
4,01/01/2020 12:00:00 AM,YIELD,NO CONTROLS,UNKNOWN
1,01/01/2019 12:00:00 AM,LANE USE MARKING,WORN REFLECTIVE MATERIAL,NO DEFECTS
1,01/01/2022 12:00:00 AM,STOP SIGN/FLASHER,UNKNOWN,"RUT, HOLES"
3,01/01/2022 12:00:00 AM,STOP SIGN/FLASHER,NO CONTROLS,"RUT, HOLES"
1,01/01/2022 12:00:00 AM,OTHER RAILROAD CROSSING,MISSING,"RUT, HOLES"
1,01/01/2023 12:00:00 AM,BICYCLE CROSSING SIGN,NO CONTROLS,UNKNOWN
67,01/01/2019 12:00:00 AM,OTHER,OTHER,UNKNOWN
6,01/01/2021 12:00:00 AM,OTHER,FUNCTIONING PROPERLY,OTHER
3,01/01/2021 12:00:00 AM,OTHER,WORN REFLECTIVE MATERIAL,NO DEFECTS
1,01/01/2019 12:00:00 AM,UNKNOWN,WORN REFLECTIVE MATERIAL,NO DEFECTS
33,01/01/2022 12:00:00 AM,OTHER,UNKNOWN,NO DEFECTS
1,01/01/2021 12:00:00 AM,OTHER WARNING SIGN,FUNCTIONING IMPROPERLY,NO DEFECTS
34,01/01/2019 12:00:00 AM,TRAFFIC SIGNAL,FUNCTIONING IMPROPERLY,UNKNOWN
12,01/01/2023 12:00:00 AM,YIELD,NO CONTROLS,UNKNOWN
2,01/01/2020 12:00:00 AM,BICYCLE CROSSING SIGN,NO CONTROLS,NO DEFECTS
71,01/01/2022 12:00:00 AM,OTHER REG. SIGN,FUNCTIONING PROPERLY,NO DEFECTS
4,01/01/2023 12:00:00 AM,RAILROAD CROSSING GATE,FUNCTIONING IMPROPERLY,NO DEFECTS
1,01/01/2022 12:00:00 AM,OTHER,WORN REFLECTIVE MATERIAL,"RUT, HOLES"
1,01/01/2023 12:00:00 AM,PEDESTRIAN CROSSING SIGN,FUNCTIONING PROPERLY,WORN SURFACE
1,01/01/2020 12:00:00 AM,STOP SIGN/FLASHER,NO CONTROLS,WORN SURFACE
4,01/01/2019 12:00:00 AM,OTHER WARNING SIGN,NO CONTROLS,NO DEFECTS
18,01/01/2020 12:00:00 AM,PEDESTRIAN CROSSING SIGN,NO CONTROLS,NO DEFECTS
3,01/01/2020 12:00:00 AM,PEDESTRIAN CROSSING SIGN,NO CONTROLS,UNKNOWN
17,01/01/2019 12:00:00 AM,PEDESTRIAN CROSSING SIGN,NO CONTROLS,NO DEFECTS
1582,01/01/2022 12:00:00 AM,TRAFFIC SIGNAL,UNKNOWN,UNKNOWN
2,01/01/2020 12:00:00 AM,OTHER,FUNCTIONING PROPERLY,"RUT, HOLES"
4,01/01/2022 12:00:00 AM,FLASHING CONTROL SIGNAL,NO CONTROLS,NO DEFECTS
1,01/01/2023 12:00:00 AM,STOP SIGN/FLASHER,MISSING,UNKNOWN
2,01/01/2023 12:00:00 AM,UNKNOWN,NOT FUNCTIONING,NO DEFECTS
1,01/01/2022 12:00:00 AM,YIELD,FUNCTIONING IMPROPERLY,NO DEFECTS
3,01/01/2019 12:00:00 AM,NO CONTROLS,OTHER,"RUT, HOLES"
4,01/01/2019 12:00:00 AM,UNKNOWN,NO CONTROLS,"RUT, HOLES"
1,01/01/2022 12:00:00 AM,TRAFFIC SIGNAL,NO CONTROLS,WORN SURFACE
1,01/01/2020 12:00:00 AM,TRAFFIC SIGNAL,WORN REFLECTIVE MATERIAL,UNKNOWN
1,01/01/2021 12:00:00 AM,POLICE/FLAGMAN,FUNCTIONING PROPERLY,UNKNOWN
7,01/01/2019 12:00:00 AM,STOP SIGN/FLASHER,NO CONTROLS,"RUT, HOLES"
1,01/01/2019 12:00:00 AM,POLICE/FLAGMAN,FUNCTIONING PROPERLY,OTHER
1,01/01/2022 12:00:00 AM,RAILROAD CROSSING GATE,OTHER,NO DEFECTS
38,01/01/2023 12:00:00 AM,STOP SIGN/FLASHER,FUNCTIONING PROPERLY,WORN SURFACE
2,01/01/2022 12:00:00 AM,POLICE/FLAGMAN,UNKNOWN,UNKNOWN
15,01/01/2019 12:00:00 AM,UNKNOWN,UNKNOWN,OTHER
330,01/01/2022 12:00:00 AM,NO CONTROLS,UNKNOWN,NO DEFECTS
1,01/01/2022 12:00:00 AM,OTHER,FUNCTIONING PROPERLY,OTHER
4,01/01/2021 12:00:00 AM,NO CONTROLS,UNKNOWN,WORN SURFACE
1,01/01/2022 12:00:00 AM,NO CONTROLS,FUNCTIONING PROPERLY,WORN SURFACE
181,01/01/2020 12:00:00 AM,OTHER,OTHER,NO DEFECTS
36,01/01/2023 12:00:00 AM,UNKNOWN,UNKNOWN,"RUT, HOLES"
2,01/01/2019 12:00:00 AM,OTHER REG. SIGN,NO CONTROLS,UNKNOWN
1,01/01/2023 12:00:00 AM,OTHER REG. SIGN,OTHER,OTHER
1,01/01/2023 12:00:00 AM,RAILROAD CROSSING GATE,OTHER,NO DEFECTS
2,01/01/2023 12:00:00 AM,OTHER WARNING SIGN,FUNCTIONING PROPERLY,OTHER
8,01/01/2023 12:00:00 AM,STOP SIGN/FLASHER,NO CONTROLS,OTHER
6,01/01/2019 12:00:00 AM,NO CONTROLS,FUNCTIONING PROPERLY,OTHER
36,01/01/2019 12:00:00 AM,FLASHING CONTROL SIGNAL,FUNCTIONING PROPERLY,NO DEFECTS
6,01/01/2022 12:00:00 AM,STOP SIGN/FLASHER,NOT FUNCTIONING,UNKNOWN
1,01/01/2023 12:00:00 AM,RR CROSSING SIGN,OTHER,UNKNOWN
23,01/01/2021 12:00:00 AM,OTHER,NO CONTROLS,UNKNOWN
1,01/01/2022 12:00:00 AM,OTHER,NOT FUNCTIONING,NO DEFECTS
225,01/01/2019 12:00:00 AM,NO CONTROLS,NO CONTROLS,WORN SURFACE
136,01/01/2021 12:00:00 AM,STOP SIGN/FLASHER,UNKNOWN,NO DEFECTS
5,01/01/2021 12:00:00 AM,OTHER WARNING SIGN,OTHER,NO DEFECTS
2,01/01/2022 12:00:00 AM,NO CONTROLS,MISSING,NO DEFECTS
1,01/01/2019 12:00:00 AM,NO CONTROLS,FUNCTIONING PROPERLY,SHOULDER DEFECT
542,01/01/2023 12:00:00 AM,TRAFFIC SIGNAL,NO CONTROLS,NO DEFECTS
5,01/01/2022 12:00:00 AM,TRAFFIC SIGNAL,UNKNOWN,WORN SURFACE
2,01/01/2022 12:00:00 AM,UNKNOWN,NO CONTROLS,OTHER
2,01/01/2019 12:00:00 AM,UNKNOWN,FUNCTIONING IMPROPERLY,UNKNOWN
44,01/01/2020 12:00:00 AM,NO CONTROLS,FUNCTIONING PROPERLY,UNKNOWN
4,01/01/2022 12:00:00 AM,RAILROAD CROSSING GATE,FUNCTIONING PROPERLY,UNKNOWN
1,01/01/2019 12:00:00 AM,OTHER RAILROAD CROSSING,UNKNOWN,NO DEFECTS
3,01/01/2021 12:00:00 AM,STOP SIGN/FLASHER,NO CONTROLS,SHOULDER DEFECT
7258,01/01/2021 12:00:00 AM,STOP SIGN/FLASHER,FUNCTIONING PROPERLY,NO DEFECTS
10,01/01/2022 12:00:00 AM,STOP SIGN/FLASHER,FUNCTIONING IMPROPERLY,UNKNOWN
2,01/01/2019 12:00:00 AM,SCHOOL ZONE,UNKNOWN,NO DEFECTS
21,01/01/2023 12:00:00 AM,NO CONTROLS,NOT FUNCTIONING,UNKNOWN
2,01/01/2021 12:00:00 AM,OTHER REG. SIGN,UNKNOWN,UNKNOWN
322,01/01/2021 12:00:00 AM,STOP SIGN/FLASHER,UNKNOWN,UNKNOWN
214,01/01/2022 12:00:00 AM,STOP SIGN/FLASHER,OTHER,NO DEFECTS
1,01/01/2020 12:00:00 AM,PEDESTRIAN CROSSING SIGN,FUNCTIONING PROPERLY,SHOULDER DEFECT
1,01/01/2022 12:00:00 AM,STOP SIGN/FLASHER,MISSING,UNKNOWN
2,01/01/2019 12:00:00 AM,TRAFFIC SIGNAL,NOT FUNCTIONING,"RUT, HOLES"
336,01/01/2020 12:00:00 AM,TRAFFIC SIGNAL,UNKNOWN,NO DEFECTS
2,01/01/2023 12:00:00 AM,UNKNOWN,OTHER,DEBRIS ON ROADWAY
3,01/01/2019 12:00:00 AM,BICYCLE CROSSING SIGN,NO CONTROLS,NO DEFECTS
1,01/01/2021 12:00:00 AM,POLICE/FLAGMAN,NO CONTROLS,DEBRIS ON ROADWAY
5,01/01/2020 12:00:00 AM,FLASHING CONTROL SIGNAL,OTHER,NO DEFECTS
46,01/01/2019 12:00:00 AM,STOP SIGN/FLASHER,FUNCTIONING PROPERLY,"RUT, HOLES"
287,01/01/2019 12:00:00 AM,STOP SIGN/FLASHER,OTHER,NO DEFECTS
5,01/01/2022 12:00:00 AM,FLASHING CONTROL SIGNAL,FUNCTIONING PROPERLY,UNKNOWN
2,01/01/2020 12:00:00 AM,OTHER,NOT FUNCTIONING,NO DEFECTS
6,01/01/2021 12:00:00 AM,YIELD,NO CONTROLS,UNKNOWN
9619,01/01/2021 12:00:00 AM,NO CONTROLS,NO CONTROLS,UNKNOWN
2,01/01/2020 12:00:00 AM,STOP SIGN/FLASHER,WORN REFLECTIVE MATERIAL,WORN SURFACE
15,01/01/2020 12:00:00 AM,STOP SIGN/FLASHER,FUNCTIONING IMPROPERLY,UNKNOWN
86,01/01/2021 12:00:00 AM,STOP SIGN/FLASHER,FUNCTIONING IMPROPERLY,NO DEFECTS
2,01/01/2021 12:00:00 AM,FLASHING CONTROL SIGNAL,FUNCTIONING IMPROPERLY,NO DEFECTS
2,01/01/2021 12:00:00 AM,UNKNOWN,UNKNOWN,SHOULDER DEFECT
20,01/01/2021 12:00:00 AM,TRAFFIC SIGNAL,FUNCTIONING PROPERLY,DEBRIS ON ROADWAY
365,01/01/2022 12:00:00 AM,OTHER,FUNCTIONING PROPERLY,NO DEFECTS
23,01/01/2022 12:00:00 AM,SCHOOL ZONE,NO CONTROLS,NO DEFECTS
6,01/01/2022 12:00:00 AM,FLASHING CONTROL SIGNAL,FUNCTIONING IMPROPERLY,NO DEFECTS
1,01/01/2019 12:00:00 AM,TRAFFIC SIGNAL,NO CONTROLS,SHOULDER DEFECT
1,01/01/2021 12:00:00 AM,OTHER WARNING SIGN,NO CONTROLS,UNKNOWN
2,01/01/2021 12:00:00 AM,BICYCLE CROSSING SIGN,FUNCTIONING PROPERLY,NO DEFECTS
3,01/01/2022 12:00:00 AM,OTHER,OTHER,"RUT, HOLES"
11,01/01/2020 12:00:00 AM,UNKNOWN,OTHER,UNKNOWN
1,01/01/2019 12:00:00 AM,RAILROAD CROSSING GATE,FUNCTIONING IMPROPERLY,UNKNOWN
1,01/01/2021 12:00:00 AM,OTHER WARNING SIGN,FUNCTIONING PROPERLY,DEBRIS ON ROADWAY
3,01/01/2023 12:00:00 AM,PEDESTRIAN CROSSING SIGN,UNKNOWN,NO DEFECTS
4,01/01/2023 12:00:00 AM,YIELD,OTHER,NO DEFECTS
4,01/01/2022 12:00:00 AM,NO PASSING,NO CONTROLS,NO DEFECTS
1,01/01/2022 12:00:00 AM,OTHER WARNING SIGN,UNKNOWN,UNKNOWN
271,01/01/2020 12:00:00 AM,STOP SIGN/FLASHER,UNKNOWN,UNKNOWN
11,01/01/2019 12:00:00 AM,TRAFFIC SIGNAL,UNKNOWN,"RUT, HOLES"
30,01/01/2021 12:00:00 AM,YIELD,NO CONTROLS,NO DEFECTS
33,01/01/2021 12:00:00 AM,OTHER,UNKNOWN,NO DEFECTS
9,01/01/2020 12:00:00 AM,PEDESTRIAN CROSSING SIGN,FUNCTIONING PROPERLY,UNKNOWN
1,01/01/2019 12:00:00 AM,PEDESTRIAN CROSSING SIGN,WORN REFLECTIVE MATERIAL,NO DEFECTS
2,01/01/2021 12:00:00 AM,NO CONTROLS,WORN REFLECTIVE MATERIAL,NO DEFECTS
3636,01/01/2021 12:00:00 AM,TRAFFIC SIGNAL,FUNCTIONING PROPERLY,UNKNOWN
2,01/01/2019 12:00:00 AM,RAILROAD CROSSING GATE,UNKNOWN,UNKNOWN
113,01/01/2020 12:00:00 AM,NO CONTROLS,NO CONTROLS,SHOULDER DEFECT
1,01/01/2019 12:00:00 AM,RR CROSSING SIGN,FUNCTIONING PROPERLY,OTHER
663,01/01/2023 12:00:00 AM,NO CONTROLS,UNKNOWN,UNKNOWN
114,01/01/2021 12:00:00 AM,TRAFFIC SIGNAL,NOT FUNCTIONING,NO DEFECTS
6,01/01/2022 12:00:00 AM,RR CROSSING SIGN,FUNCTIONING PROPERLY,NO DEFECTS
204,01/01/2023 12:00:00 AM,STOP SIGN/FLASHER,UNKNOWN,NO DEFECTS
2,01/01/2021 12:00:00 AM,STOP SIGN/FLASHER,UNKNOWN,OTHER
1,01/01/2023 12:00:00 AM,STOP SIGN/FLASHER,MISSING,OTHER
1,01/01/2022 12:00:00 AM,NO PASSING,OTHER,NO DEFECTS
7,01/01/2020 12:00:00 AM,DELINEATORS,FUNCTIONING PROPERLY,UNKNOWN
4,01/01/2019 12:00:00 AM,NO CONTROLS,OTHER,WORN SURFACE
2,01/01/2019 12:00:00 AM,TRAFFIC SIGNAL,OTHER,OTHER
1,01/01/2020 12:00:00 AM,OTHER,OTHER,WORN SURFACE
60,01/01/2019 12:00:00 AM,UNKNOWN,UNKNOWN,"RUT, HOLES"
40,01/01/2023 12:00:00 AM,UNKNOWN,OTHER,UNKNOWN
1,01/01/2019 12:00:00 AM,OTHER REG. SIGN,FUNCTIONING PROPERLY,OTHER
47,01/01/2021 12:00:00 AM,TRAFFIC SIGNAL,FUNCTIONING PROPERLY,SHOULDER DEFECT
3,01/01/2022 12:00:00 AM,DELINEATORS,OTHER,NO DEFECTS
1,01/01/2023 12:00:00 AM,NO CONTROLS,FUNCTIONING PROPERLY,WORN SURFACE
3,01/01/2019 12:00:00 AM,RAILROAD CROSSING GATE,NO CONTROLS,NO DEFECTS
1,01/01/2019 12:00:00 AM,SCHOOL ZONE,UNKNOWN,UNKNOWN
59,01/01/2023 12:00:00 AM,OTHER,OTHER,UNKNOWN
1,01/01/2021 12:00:00 AM,OTHER WARNING SIGN,WORN REFLECTIVE MATERIAL,NO DEFECTS
8,01/01/2020 12:00:00 AM,STOP SIGN/FLASHER,FUNCTIONING PROPERLY,DEBRIS ON ROADWAY
2,01/01/2022 12:00:00 AM,TRAFFIC SIGNAL,OTHER,OTHER
6,01/01/2019 12:00:00 AM,STOP SIGN/FLASHER,NO CONTROLS,OTHER
4,01/01/2019 12:00:00 AM,OTHER,NO CONTROLS,OTHER
1,01/01/2023 12:00:00 AM,OTHER WARNING SIGN,WORN REFLECTIVE MATERIAL,UNKNOWN
1,01/01/2022 12:00:00 AM,RAILROAD CROSSING GATE,UNKNOWN,SHOULDER DEFECT
6,01/01/2020 12:00:00 AM,STOP SIGN/FLASHER,NOT FUNCTIONING,UNKNOWN
12,01/01/2021 12:00:00 AM,POLICE/FLAGMAN,FUNCTIONING PROPERLY,NO DEFECTS
51,01/01/2023 12:00:00 AM,YIELD,NO CONTROLS,NO DEFECTS
3,01/01/2019 12:00:00 AM,NO CONTROLS,MISSING,NO DEFECTS
17,01/01/2020 12:00:00 AM,OTHER,NO CONTROLS,UNKNOWN
8,01/01/2022 12:00:00 AM,STOP SIGN/FLASHER,FUNCTIONING PROPERLY,SHOULDER DEFECT
1,01/01/2022 12:00:00 AM,OTHER WARNING SIGN,OTHER,OTHER
1,01/01/2023 12:00:00 AM,PEDESTRIAN CROSSING SIGN,OTHER,UNKNOWN
